"","u1","u2","u3","u4","u5","u6","u1","u2","u3","u4","u5","u6","u1","u2","u3","u4","u5","u6","u1","u2","u3","u4","u5","u6","u1","u2","u3","u4","u5","u6","u1","u2","u3","u4","u5","u6","u1","u2","u3","u4","u5","u6","u1","u2","u3","u4","u5","u6","u1","u2","u3","u4","u5","u6"
"坂本　勇人",13,22,6,6,2,2,7,36,10,7,3,0,4,12,3,4,1,0,2,21,5,5,5,0,6,28,10,18,5,1,30,86,17,24,4,6,0,11,1,3,2,0,3,17,4,5,2,1,5,12,3,7,0,2
"井端　弘和",5,16,4,8,0,1,3,35,3,7,1,0,2,3,3,4,0,0,3,19,3,7,2,0,3,16,7,2,0,0,11,49,10,14,5,0,1,8,0,1,0,0,2,5,1,2,0,0,3,9,0,3,0,0
"長野　久義",10,24,5,6,3,0,9,28,5,9,0,0,8,6,0,2,0,0,3,12,6,8,2,0,8,30,0,8,2,2,23,83,6,18,5,7,0,11,3,4,2,0,3,15,1,4,3,3,4,17,2,4,2,1
"阿部　慎之助",10,18,7,7,1,1,9,18,8,6,5,2,3,6,0,3,0,1,3,6,6,3,0,1,8,21,9,5,1,2,35,61,13,21,4,5,0,8,2,1,0,1,2,10,3,4,2,1,4,9,7,2,0,0
"村田　修一",10,19,1,5,0,0,11,26,3,3,3,1,0,5,0,4,0,0,1,15,3,6,0,4,5,15,2,5,1,2,23,66,8,25,3,4,5,8,3,3,0,1,2,9,3,2,0,0,5,5,1,1,1,0
"高橋　由伸",5,5,0,1,0,0,6,6,3,3,0,0,4,1,1,1,0,0,3,8,2,1,0,0,7,13,5,8,1,2,8,14,4,7,2,1,2,5,1,4,0,0,3,2,1,0,1,2,0,0,0,1,0,0
"亀井　善行",9,18,6,10,1,1,11,18,4,5,5,0,4,8,1,1,0,1,4,20,3,7,0,1,9,29,1,12,2,1,13,67,11,23,5,2,0,11,0,4,1,0,4,11,2,8,2,0,0,10,3,3,0,0
"小林　誠司",8,8,1,2,2,0,0,6,0,2,1,0,1,2,0,3,0,0,3,5,2,0,0,0,4,13,4,3,0,0,13,38,5,14,3,2,1,4,0,0,0,0,4,5,1,3,0,0,3,4,2,2,0,0
"菅野　智之",2,2,0,0,0,0,0,2,0,0,0,0,1,0,0,0,0,0,2,3,0,0,0,0,0,0,0,0,0,0,7,18,0,1,2,0,1,1,0,0,0,0,3,2,0,0,0,0,0,0,0,1,0,0
"セペダ",0,4,2,0,0,0,2,1,2,0,0,0,1,0,0,0,0,0,0,2,1,0,0,0,0,3,0,0,0,0,2,4,1,0,0,0,0,1,1,0,0,0,1,0,0,0,0,0,0,0,0,0,0,0
"ポレダ",4,1,0,0,0,0,7,2,0,1,0,0,0,0,0,0,0,0,2,0,0,0,0,0,2,0,0,0,0,0,12,6,1,2,0,0,0,0,0,0,0,0,0,0,0,0,0,0,1,1,0,0,0,0
"橋本　到",7,7,1,0,1,0,9,10,1,4,1,0,1,1,0,1,0,0,1,6,1,1,0,0,3,9,0,2,1,0,9,23,2,5,5,0,4,4,0,1,1,0,0,3,2,0,0,0,0,3,1,0,0,0
"相川　亮二",2,7,1,1,1,1,2,3,1,0,0,0,2,2,0,0,0,0,2,6,0,2,1,0,3,8,2,6,2,1,1,11,2,6,0,1,3,5,1,1,0,0,0,3,2,3,0,0,0,2,0,1,0,1
"片岡　治大",5,22,3,7,2,0,3,22,2,5,1,2,4,8,2,1,2,0,0,13,2,6,0,0,3,30,3,10,0,1,15,73,5,21,1,5,1,7,0,1,0,0,2,18,1,1,3,0,1,18,1,2,1,0
"高木　勇人",2,5,0,0,0,0,0,0,0,0,0,0,0,0,0,0,0,0,3,2,0,0,0,0,2,0,0,1,1,0,8,7,0,0,0,0,0,0,0,0,0,0,2,0,0,1,0,0,2,2,0,0,0,0
"松本　哲也",2,2,1,1,0,0,1,4,1,0,0,0,1,4,0,0,1,0,1,1,0,0,0,0,0,1,0,0,0,0,2,2,0,1,0,0,0,2,0,0,0,0,1,0,0,1,0,0,0,1,0,0,0,0
"金城　龍彦",4,6,0,1,0,0,2,7,1,1,0,1,0,1,0,0,0,0,0,7,0,4,2,0,0,3,0,0,0,0,3,25,2,9,1,0,1,2,0,0,0,0,0,4,0,0,0,0,0,0,0,0,0,0
"杉内　俊哉",0,0,0,0,0,0,4,4,0,1,0,0,1,0,0,0,0,0,1,5,0,0,0,0,1,0,0,0,0,0,2,2,0,2,0,0,0,0,0,0,0,0,0,2,0,0,0,0,0,0,0,0,0,0
"大竹　寛",1,1,0,0,0,0,2,0,0,0,0,0,0,0,0,0,0,0,0,0,0,0,0,0,2,3,0,0,0,0,0,1,0,0,0,0,0,0,0,0,0,0,0,2,0,0,0,0,0,1,0,0,0,0
"マイコラス",3,2,0,1,0,0,3,1,0,1,0,0,0,0,0,0,0,0,0,0,0,0,0,0,4,4,0,0,0,0,2,7,1,1,1,0,4,3,0,0,0,0,3,0,0,0,1,0,0,0,0,0,0,0
"寺内　崇幸",1,0,0,0,0,0,0,1,0,0,0,0,0,0,0,0,0,0,1,2,0,0,0,0,0,0,0,2,0,0,2,7,0,1,0,0,0,1,0,2,0,0,0,0,0,0,0,0,1,0,0,0,0,0
"中井　大介",0,1,0,1,0,0,1,0,0,0,0,0,0,2,1,1,0,0,0,1,0,2,0,0,0,2,0,0,0,0,2,7,0,1,1,0,1,2,0,0,0,0,0,2,1,0,0,0,2,3,0,0,0,0
"實松　一成",2,0,0,0,0,0,2,4,0,0,0,1,0,0,1,0,0,0,0,1,0,2,0,0,2,2,0,1,0,0,2,8,1,2,0,0,0,3,0,0,0,0,0,0,0,0,0,0,0,0,0,0,0,0
"鈴木　尚広",0,2,0,0,0,0,1,0,0,0,0,0,0,0,0,1,0,0,0,2,0,0,0,0,0,0,1,0,0,0,1,0,1,0,0,0,0,1,0,1,0,0,0,1,0,0,0,0,0,1,0,0,0,0
"田口　麗斗",0,0,0,0,0,0,1,1,0,0,0,0,0,0,0,0,0,0,0,0,0,0,0,0,3,0,0,0,0,0,3,4,0,2,0,0,0,0,0,0,0,0,0,0,0,0,0,0,1,1,0,0,0,0
"アンダーソン",0,9,2,2,1,0,7,16,1,7,2,0,2,7,1,0,1,0,5,7,3,4,0,1,5,30,0,4,1,1,10,36,11,11,5,3,1,4,0,0,1,0,2,6,1,4,1,0,2,5,2,2,0,0
"加藤　健",2,2,0,0,0,0,3,4,0,3,1,0,1,2,0,0,0,0,3,3,0,3,1,0,3,2,1,0,1,0,10,7,3,7,0,0,0,1,0,0,0,0,0,1,0,0,0,0,1,7,0,1,0,0
"大田　泰示",9,2,1,2,1,0,4,9,0,3,1,1,1,1,0,1,0,0,1,3,0,4,0,0,2,6,1,3,1,0,11,21,3,10,1,0,3,4,0,1,1,0,0,1,1,0,0,0,2,2,0,1,0,0
"フランシスコ",2,0,0,1,0,0,3,1,0,0,0,0,0,0,0,0,0,0,0,0,0,0,0,0,0,1,0,0,0,0,6,1,0,2,0,0,0,0,0,0,0,0,0,0,0,0,0,0,0,0,0,0,0,0
"小山　雄輝",0,0,0,0,0,0,0,0,0,0,0,0,0,0,0,0,0,0,0,0,0,0,0,0,0,0,0,0,0,0,1,0,0,1,0,0,0,0,0,0,0,0,0,0,0,0,0,0,0,0,0,0,0,0
"澤村　拓一",0,0,0,0,0,0,0,0,0,0,0,0,0,0,0,0,0,0,0,0,0,0,0,0,0,0,0,0,0,0,0,0,0,0,0,0,0,0,0,0,0,0,1,0,0,0,0,0,0,0,0,0,0,0
"堂上　剛裕",5,4,1,2,0,0,2,5,0,2,1,0,2,3,0,0,0,0,2,7,1,0,0,1,2,7,1,4,4,0,3,17,0,4,2,0,2,1,0,1,0,0,0,0,1,0,1,0,0,3,0,0,0,2
"矢野　謙次",4,10,0,4,2,0,1,9,0,0,1,0,1,2,0,1,0,0,2,5,1,1,0,0,1,18,1,1,0,0,1,1,1,1,0,1,0,2,0,0,0,0,2,2,0,1,1,0,1,2,1,1,0,0
"立岡　宗一郎",5,11,1,5,2,0,9,17,1,9,0,0,4,6,1,1,0,0,1,11,0,5,0,0,9,28,4,17,2,0,18,53,6,34,5,0,0,5,0,1,0,0,7,13,0,4,0,0,4,12,1,5,2,0
"吉川　大幾",0,2,0,1,0,0,1,1,0,0,2,0,0,0,0,1,0,0,0,1,0,0,0,0,5,10,1,2,0,0,4,5,0,3,2,0,1,0,0,0,0,0,0,3,0,0,1,0,2,0,0,0,0,0
"内海　哲也",0,0,0,0,0,0,0,0,0,0,0,0,0,0,0,0,0,0,1,0,0,0,0,0,0,0,0,0,0,0,0,2,0,0,0,0,0,0,0,0,0,0,0,1,0,0,0,0,2,2,0,0,0,0
"辻　東倫",0,0,0,0,0,0,0,0,0,0,0,0,0,1,0,0,0,0,0,2,1,0,0,0,0,0,0,0,0,0,0,0,0,0,0,0,0,0,0,0,0,0,0,0,0,0,0,0,0,0,0,0,0,0
"坂口　真規",0,0,0,0,0,0,0,0,0,0,0,0,0,0,0,0,0,0,0,3,0,0,0,0,0,0,0,0,0,0,0,0,0,0,0,0,0,0,0,0,0,0,0,0,0,0,0,0,0,0,0,0,0,0
"カステヤーノス",2,0,0,0,0,0,0,0,0,0,0,0,2,1,0,0,0,0,1,1,0,1,1,0,2,1,1,0,0,0,4,4,1,0,0,0,0,0,0,0,0,0,0,0,0,0,0,0,0,0,0,0,0,0
"岡本　和真",0,2,0,0,0,0,1,0,0,1,0,0,0,1,0,0,0,0,0,0,0,0,0,0,1,5,0,0,0,0,0,6,1,2,0,1,0,1,0,1,0,0,0,1,1,1,0,0,0,1,0,0,0,0
"隠善　智也",0,0,0,0,0,0,0,0,0,0,0,0,0,0,0,0,0,0,0,0,0,0,0,0,0,0,0,1,0,0,0,0,0,1,0,0,0,0,0,0,0,0,0,0,0,0,0,0,0,0,0,0,0,0
"高木　京介",0,0,0,0,0,0,0,0,0,0,0,0,0,0,0,0,0,0,1,0,0,0,0,0,0,0,0,0,0,0,0,1,0,0,0,0,0,0,0,0,0,0,0,0,0,0,0,0,0,0,0,0,0,0
"山田　哲人",17,21,6,8,5,1,9,14,6,9,1,0,2,2,1,3,0,0,14,49,9,9,6,5,12,36,12,18,5,7,27,62,16,31,9,6,11,17,3,5,2,2,7,11,7,4,3,5,3,26,3,8,7,1
"川端　慎吾",10,35,5,11,2,1,2,25,2,5,2,0,2,3,0,2,0,0,14,45,4,16,5,1,7,34,7,25,5,2,13,89,6,40,5,1,7,10,2,9,4,0,7,15,2,9,2,3,3,23,7,9,2,0
"ミレッジ",2,3,0,0,0,0,1,3,0,0,0,0,0,0,0,0,0,0,1,6,1,4,0,0,2,8,0,1,2,0,8,14,2,2,1,1,0,3,0,1,0,0,1,2,0,1,0,0,0,3,0,0,0,0
"雄平",13,26,2,11,3,1,2,18,7,6,2,0,2,4,0,2,0,0,8,50,1,17,5,2,18,29,4,16,6,2,10,85,6,26,9,3,7,27,1,2,1,0,6,13,1,7,3,0,4,21,3,5,3,0
"畠山　和洋",16,21,9,6,2,5,8,11,4,5,2,3,1,5,1,0,0,0,11,37,11,14,3,2,7,40,8,10,2,5,17,81,6,25,5,4,7,16,8,6,3,2,6,15,2,5,3,3,8,20,6,5,1,1
"松元　ユウイチ",0,6,1,0,0,0,0,2,0,0,0,0,1,0,0,1,0,0,1,6,0,0,0,0,0,2,1,1,0,0,2,4,1,2,1,0,0,6,0,1,1,0,1,1,0,0,0,0,0,2,0,0,0,0
"大引　啓次",1,12,3,1,0,0,6,16,1,2,0,0,0,2,0,0,1,0,11,24,4,8,3,2,3,21,4,8,1,0,13,57,8,11,3,1,6,10,0,1,3,0,1,10,3,2,0,1,4,11,2,4,2,0
"中村　悠平",13,25,4,5,0,0,8,12,1,6,0,0,3,1,0,2,0,0,8,43,5,13,1,0,8,34,5,17,2,1,19,58,8,21,5,0,4,16,5,0,1,0,2,18,3,1,1,0,7,19,0,12,1,0
"小川　泰弘",0,0,0,0,0,0,0,0,0,0,0,0,0,0,0,0,0,0,5,5,2,0,0,0,4,2,0,1,0,0,5,6,2,3,0,0,0,0,0,0,0,0,2,0,0,0,0,0,2,2,0,0,0,0
"上田　剛史",5,15,3,4,1,0,3,6,2,1,0,0,0,1,1,1,1,0,0,18,0,3,0,0,4,15,2,5,0,0,9,33,2,17,1,1,2,7,1,2,0,0,0,5,0,5,0,0,2,14,1,5,1,0
"三輪　正義",11,10,2,3,0,0,1,2,0,0,0,0,1,1,0,0,0,0,2,3,1,1,0,0,1,9,2,4,1,0,1,11,1,3,0,0,1,0,0,2,0,0,0,0,0,0,0,0,1,1,0,2,0,0
"田中　浩康",3,10,1,4,0,0,0,10,1,1,1,0,0,1,0,0,0,0,4,17,3,6,2,0,2,12,1,3,0,0,5,14,3,2,0,0,0,8,1,1,0,0,0,3,1,2,0,0,1,4,0,0,0,0
"荒木　貴裕",7,6,2,2,1,0,2,5,1,3,1,0,0,0,0,0,0,0,3,19,0,7,0,0,1,12,1,5,0,0,6,23,3,7,1,0,2,2,2,2,0,0,3,10,2,2,1,0,1,6,1,3,4,1
"石川　雅規",0,0,0,0,0,0,3,5,0,0,0,0,0,0,0,0,0,0,1,3,0,0,0,0,0,1,1,1,0,0,3,5,0,2,0,0,0,0,0,0,0,0,3,1,0,2,0,0,0,0,0,0,0,0
"杉浦　稔大",1,1,0,0,0,0,0,0,0,0,0,0,0,0,0,0,0,0,3,0,0,0,0,0,0,0,0,0,0,0,1,1,0,0,0,0,0,0,0,0,0,0,0,1,0,0,0,0,2,1,0,0,0,0
"森岡　良介",3,12,2,5,1,0,0,3,0,0,0,0,0,1,1,0,0,0,3,10,1,3,0,1,6,11,0,2,1,0,2,11,0,2,0,0,1,9,0,2,1,0,0,1,0,0,0,0,4,6,2,0,0,0
"飯原　誉士",2,1,1,0,0,0,0,0,0,1,0,0,0,0,0,0,0,0,2,8,0,4,1,0,0,0,0,0,0,0,2,3,0,0,0,0,2,3,0,1,0,0,0,0,0,0,0,0,1,0,0,0,0,0
"成瀬　善久",3,1,0,0,0,0,1,0,0,1,0,0,0,0,0,0,0,0,2,3,0,0,0,0,1,2,0,1,0,0,0,1,0,0,0,0,0,1,0,0,1,0,0,1,0,0,0,0,0,2,0,1,0,0
"石山　泰稚",0,1,0,0,0,0,3,1,0,0,0,0,0,0,0,0,0,0,1,1,0,0,0,0,0,1,0,0,0,0,5,5,0,0,0,0,1,3,0,0,0,0,0,0,0,0,0,0,3,2,0,0,0,0
"今浪　隆博",5,10,1,4,1,0,3,2,0,2,0,0,0,4,0,0,0,0,1,5,2,3,1,0,0,18,4,5,1,0,0,13,2,8,3,1,2,1,1,3,1,0,1,4,1,1,0,0,0,4,0,2,0,1
"ロマン",0,2,0,0,0,0,0,0,0,0,0,0,0,0,0,0,0,0,0,0,0,0,0,0,0,0,0,0,0,0,0,1,0,0,0,0,0,2,0,0,0,0,0,0,0,0,0,0,0,0,0,0,0,0
"バーネット",0,0,0,0,0,0,0,0,0,0,0,0,0,0,0,0,0,0,0,0,0,0,0,0,0,0,0,0,0,0,0,0,0,0,0,0,0,0,0,0,0,0,0,0,0,0,0,0,0,0,0,0,0,0
"西田　明央",1,4,0,0,0,0,0,0,0,0,0,0,0,0,0,0,0,0,1,6,1,1,0,0,1,1,0,0,0,0,4,3,2,0,0,1,1,1,0,0,0,0,2,1,0,1,0,0,1,1,0,0,1,0
"新垣　渚",1,1,0,0,0,0,0,0,0,0,0,0,0,0,0,0,0,0,2,2,0,0,0,0,1,0,0,1,0,0,3,3,0,2,0,0,0,0,0,0,0,0,0,1,0,0,1,0,0,2,0,0,0,0
"武内　晋一",3,3,0,3,0,0,4,2,0,1,0,0,0,0,0,1,0,0,1,3,1,1,0,0,1,3,1,2,0,0,3,11,0,1,0,0,2,3,0,1,0,0,0,0,0,0,1,0,1,8,2,1,0,0
"バレンティン",2,2,1,0,0,0,1,0,0,0,0,0,0,0,0,0,0,0,0,4,1,1,1,1,1,3,1,0,0,0,6,6,1,2,1,0,3,1,0,0,0,0,0,2,1,1,0,0,1,1,3,0,0,0
"八木　亮祐",0,0,0,0,0,0,0,0,0,0,0,0,0,0,0,0,0,0,0,0,0,0,0,0,1,0,0,0,0,0,0,0,0,0,0,0,0,0,0,0,0,0,0,0,0,0,0,0,0,1,0,0,0,0
"徳山　武陽",0,0,0,0,0,0,0,0,0,0,0,0,0,0,0,0,0,0,0,0,0,0,0,0,0,0,0,0,0,0,0,1,0,0,0,0,0,0,1,0,0,0,0,0,0,0,0,0,1,0,0,0,0,0
"古野　正人",0,0,1,0,0,0,0,0,0,0,0,0,0,0,0,0,0,0,0,1,0,0,0,0,2,1,0,0,0,0,2,0,0,0,0,0,0,0,0,0,0,0,0,1,1,1,0,0,0,0,0,0,0,0
"比屋根　渉",6,9,2,4,0,0,0,5,0,2,1,0,0,1,0,0,0,0,6,22,1,4,0,0,6,15,0,4,1,1,9,23,3,8,2,0,3,6,1,2,0,0,1,14,2,1,1,0,0,6,0,6,0,0
"松井　淳",1,0,0,0,0,0,0,0,0,0,0,0,0,0,0,0,0,0,0,0,0,1,0,0,1,1,0,0,0,0,0,1,0,0,0,0,0,0,0,0,0,0,0,0,0,0,0,0,1,5,0,1,0,0
"西浦　直亨",2,5,0,0,1,0,0,0,0,0,0,0,0,0,0,0,0,0,2,5,1,2,0,0,1,1,0,0,1,1,2,3,1,4,0,0,0,0,0,0,0,0,3,2,0,0,1,0,1,0,1,1,1,0
"川﨑　成晃",0,0,0,0,0,0,0,0,0,0,0,0,0,0,0,0,0,0,0,2,0,1,0,0,0,0,0,0,0,0,0,1,0,0,0,0,0,0,0,0,0,0,1,3,0,0,0,0,0,0,0,0,0,0
"藤井　亮太",1,2,0,0,0,0,2,1,0,1,0,0,0,0,0,0,0,0,0,0,0,0,0,0,4,6,1,0,1,0,2,3,0,3,0,0,0,0,0,0,0,0,1,1,0,0,0,0,1,2,0,1,0,0
"デニング",5,7,3,3,2,0,1,3,2,1,1,0,0,0,0,0,2,0,3,13,1,3,1,0,8,24,3,3,3,0,11,19,3,6,1,3,2,10,0,1,1,0,3,7,2,2,1,0,3,8,4,2,0,0
"館山　昌平",0,0,0,0,0,0,2,0,0,0,0,0,0,0,0,0,0,0,3,0,1,0,0,0,1,0,0,0,0,0,1,2,1,1,0,0,1,0,0,1,0,1,0,0,0,0,0,0,1,0,0,0,0,0
"山中　浩史",0,0,0,0,0,0,0,0,0,0,0,0,0,0,0,0,0,0,2,0,0,0,0,0,2,2,0,0,0,0,2,1,0,1,0,0,2,0,0,0,0,0,0,0,0,0,0,0,0,0,0,0,0,0
"田中　雅彦",0,0,0,0,0,0,0,0,0,0,0,0,0,0,0,0,0,0,0,0,0,0,0,0,0,0,0,0,0,0,1,2,0,0,0,0,0,0,0,0,0,0,0,0,0,0,0,0,0,0,0,0,0,0
"谷内　亮太",0,0,0,0,0,0,0,0,0,0,0,0,0,0,0,0,0,0,1,0,0,0,0,0,0,0,0,0,0,0,0,1,0,0,0,0,0,0,0,0,0,0,0,0,0,0,0,0,0,0,0,0,0,0
"石川　雄洋",18,10,5,7,0,0,11,11,1,5,0,0,1,5,1,3,0,0,3,22,1,7,1,0,9,11,0,4,0,0,19,61,6,22,3,1,2,13,0,10,2,0,4,12,1,5,2,0,3,7,0,3,0,0
"桑原　将志",2,6,0,2,0,0,1,3,0,0,1,0,1,0,1,1,0,0,3,8,3,1,0,0,1,4,0,1,1,0,7,13,0,2,1,0,3,12,0,2,0,0,3,4,1,1,0,0,1,1,0,0,0,0
"梶谷　隆幸",20,28,6,9,3,0,15,27,4,9,3,0,7,3,0,0,0,1,11,23,5,11,6,0,8,17,4,6,2,0,36,82,15,31,13,6,3,16,6,7,3,0,6,14,4,7,2,1,9,7,3,5,0,3
"筒香　嘉智",19,14,5,13,3,4,15,19,3,7,4,5,1,6,1,1,1,2,7,17,8,17,3,1,6,10,5,5,0,0,27,94,26,35,8,6,4,26,1,1,4,0,3,17,1,7,0,2,4,14,5,7,2,1
"ロペス",15,29,4,6,3,2,12,25,5,9,3,1,3,10,1,0,1,0,5,28,5,7,1,4,7,15,4,5,2,3,24,97,12,36,9,7,3,25,2,9,3,1,4,13,2,4,2,2,5,18,1,6,2,2
"バルディリス",11,28,5,4,4,0,10,28,3,8,2,2,2,9,2,2,0,1,3,30,2,9,2,1,3,14,5,8,1,0,16,103,12,17,8,3,6,14,6,12,2,5,2,13,3,8,1,1,4,16,2,6,2,0
"倉本　寿彦",8,15,1,6,0,1,11,9,2,5,0,0,3,2,0,0,0,0,3,12,2,3,0,0,5,11,0,1,0,0,16,50,3,15,1,0,3,8,0,0,0,0,0,2,0,1,0,0,4,13,0,7,2,0
"黒羽根　利規",1,7,0,3,0,0,5,6,1,0,0,0,1,0,0,0,1,0,4,11,1,1,2,0,4,3,2,1,0,0,10,25,2,6,0,0,2,8,1,2,0,0,0,2,3,1,0,1,1,2,1,0,0,0
"久保　康友",2,0,0,0,0,0,1,1,0,0,0,0,1,0,0,0,0,0,3,0,0,0,0,0,3,1,0,0,0,0,4,4,0,2,0,0,0,0,0,0,0,0,1,2,0,0,0,0,1,1,1,0,0,0
"井手　正太郎",7,2,0,1,1,0,3,3,0,1,0,1,1,1,0,1,0,0,2,6,0,4,1,0,3,4,0,0,1,0,5,13,2,2,1,0,2,2,1,2,1,2,1,7,0,1,1,1,1,0,0,0,0,0
"後藤　武敏　Ｇ．",6,2,0,1,1,0,0,1,0,0,0,0,1,5,0,1,0,0,1,3,1,1,0,0,0,4,0,0,0,0,1,10,3,0,2,0,3,5,1,3,0,4,1,2,0,0,0,0,0,2,2,0,0,0
"関根　大気",6,8,0,3,0,1,1,9,3,0,0,0,1,2,0,1,1,0,1,4,0,0,1,0,4,4,0,1,2,0,3,38,2,13,0,0,0,5,0,0,0,0,1,3,0,0,0,0,1,3,1,2,0,0
"松本　啓二朗",1,7,1,0,1,0,5,6,4,3,1,0,2,1,0,2,0,0,2,3,0,1,0,0,2,1,0,0,0,0,2,10,1,6,1,0,3,2,1,1,0,0,0,0,0,0,0,0,0,1,0,0,1,1
"山口　俊",1,0,0,0,0,0,2,1,0,0,0,0,0,0,0,0,0,0,1,0,0,0,0,0,1,3,0,0,0,0,8,4,0,0,0,0,1,0,0,0,0,0,2,2,0,0,0,0,0,0,0,0,0,0
"山崎　憲晴",1,1,0,0,0,0,0,1,1,1,0,0,1,0,0,0,0,0,2,1,0,0,1,0,2,2,0,1,0,0,2,0,0,0,0,0,2,4,0,0,0,0,1,3,1,0,0,0,0,0,0,0,0,0
"三嶋　一輝",1,0,0,0,0,0,0,0,0,0,0,0,0,0,0,0,0,0,1,2,0,2,0,0,1,0,0,0,0,0,3,6,0,0,0,0,2,1,0,0,0,0,1,1,0,0,0,0,1,2,0,1,0,0
"飛雄馬",2,6,1,1,1,0,4,4,0,0,0,0,0,1,0,0,0,0,3,5,1,1,1,0,0,7,0,0,0,0,3,18,0,4,5,0,4,9,0,3,1,1,4,10,1,2,1,0,0,0,0,0,1,0
"髙城　俊人",7,8,2,0,0,0,2,7,0,4,0,0,2,4,0,1,0,0,2,5,0,3,1,0,2,7,0,1,0,0,14,26,3,3,3,1,2,2,2,2,1,0,0,6,0,2,0,0,0,0,0,0,0,0
"山下　幸輝",1,2,0,1,0,0,2,2,0,0,0,0,0,1,0,0,0,0,1,2,0,0,0,0,0,0,0,0,0,0,5,6,0,1,1,0,0,3,0,1,0,0,0,2,0,1,0,0,2,2,0,2,1,0
"井納　翔一",1,2,0,0,0,0,2,5,0,0,0,0,0,0,0,0,0,0,1,0,0,0,0,0,1,2,0,0,0,0,12,8,0,3,0,0,0,0,0,0,0,0,0,1,0,0,0,0,0,0,0,0,0,0
"国吉　佑樹",0,0,0,0,0,0,0,0,0,0,0,0,0,0,0,0,0,0,0,0,0,0,0,0,0,0,0,0,0,0,0,0,0,0,0,0,0,0,0,0,0,0,0,0,0,0,0,0,0,0,0,0,0,0
"モスコーソ",0,0,0,0,0,0,2,0,0,1,0,0,0,0,0,0,0,0,0,2,0,0,0,0,0,0,0,0,0,0,1,0,0,1,0,0,1,0,0,0,0,0,1,1,0,0,0,0,1,1,0,1,0,0
"高崎　健太郎",0,0,0,0,0,0,0,0,0,0,0,0,0,0,0,0,0,0,0,0,0,0,0,0,0,0,0,0,0,0,2,3,1,0,0,0,1,0,0,2,0,0,0,0,0,0,0,0,0,0,0,0,0,0
"加賀　繁",0,0,0,0,0,0,0,0,0,0,0,0,0,0,0,0,0,0,0,0,0,0,0,0,0,0,0,0,0,0,0,0,0,0,0,0,0,0,0,0,0,0,0,0,0,0,0,0,0,0,0,0,0,0
"荒波　翔",5,16,3,2,3,1,2,15,4,3,1,1,1,3,1,2,0,0,2,7,1,3,1,0,1,10,0,5,5,0,10,38,2,9,6,1,1,4,0,6,0,0,0,6,0,1,0,0,1,3,1,2,1,1
"白崎　浩之",5,5,1,2,0,0,6,9,1,1,1,1,3,4,0,3,1,0,5,12,1,4,2,1,3,6,0,3,0,0,13,42,5,12,4,1,4,10,1,3,0,0,2,5,0,0,0,1,1,4,0,1,0,0
"多村　仁志",0,0,0,0,0,0,0,0,0,0,0,0,0,0,0,0,0,0,0,0,0,0,0,0,0,0,0,0,0,0,0,1,0,1,0,0,1,3,0,0,0,0,0,1,1,0,0,0,0,0,0,0,0,0
"嶺井　博希",7,9,2,1,0,0,8,9,0,4,0,0,0,3,1,1,0,0,2,9,0,5,1,0,1,7,1,1,1,1,15,31,4,8,2,1,3,10,0,0,2,3,3,2,0,1,2,0,6,6,2,2,0,0
"小杉　陽太",0,0,0,0,0,0,0,0,0,0,0,0,0,0,0,0,0,0,0,0,0,0,0,0,2,0,0,0,0,0,1,0,0,0,0,0,0,0,0,0,0,0,0,0,0,0,0,0,0,0,0,0,0,0
"須田　幸太",0,0,0,0,0,0,0,0,0,0,0,0,0,0,0,0,0,0,0,0,0,0,0,0,0,0,0,0,0,0,0,0,0,0,0,0,1,0,0,0,0,0,0,0,0,0,0,0,1,2,1,0,0,0
"三浦　大輔",1,2,0,1,0,0,1,3,0,2,0,0,1,0,0,0,0,0,2,2,0,0,0,0,1,2,0,0,1,0,0,5,0,0,0,0,0,0,0,0,0,0,0,0,0,0,0,0,0,0,0,0,0,0
"下園　辰哉",4,8,1,2,0,0,3,3,0,3,0,0,0,1,1,2,0,0,0,4,0,1,0,0,3,2,0,1,0,0,2,12,1,1,1,0,0,3,1,1,1,1,0,1,0,0,0,0,0,1,3,2,1,0
"安部　建輝",0,0,0,0,0,0,0,0,0,0,0,0,0,0,0,0,0,0,0,0,0,0,0,0,0,0,0,0,0,0,1,0,0,0,0,0,0,0,0,0,0,0,0,0,0,0,0,0,0,0,0,0,0,0
"エレラ",0,0,0,0,0,0,0,0,0,0,0,0,0,0,0,0,0,0,0,0,0,0,0,0,0,0,0,0,0,0,0,0,0,0,0,0,0,0,0,0,0,0,0,0,0,0,0,0,1,0,0,0,0,0
"平田　真吾",0,0,0,0,0,0,1,0,0,0,0,0,0,0,0,0,0,0,0,0,0,0,0,0,0,0,0,0,0,0,0,0,0,0,0,0,0,0,0,0,0,0,0,0,0,0,0,0,0,0,0,0,0,0
"宮﨑　敏郎",1,7,0,3,1,0,5,5,1,4,3,0,1,2,1,2,0,0,1,9,0,4,0,0,2,8,0,2,0,0,9,31,2,9,2,1,0,7,1,2,1,0,0,0,1,1,0,0,0,7,0,1,0,0
"乙坂　智",8,6,1,0,1,0,3,6,1,2,0,1,1,0,0,0,0,0,3,2,0,3,1,0,1,5,0,1,0,0,8,30,1,9,1,1,0,6,2,3,0,1,0,4,0,1,0,0,0,8,2,0,0,0
"柳田　殖生",2,2,0,1,1,0,2,1,0,0,0,0,1,1,0,0,0,0,1,4,0,3,0,0,0,2,0,1,0,0,2,12,0,1,0,0,1,0,0,0,0,0,0,0,1,0,1,0,1,0,0,0,0,0
"砂田　毅樹",1,0,0,0,0,0,2,1,0,0,0,0,0,0,0,0,0,0,2,0,0,0,0,0,1,1,0,0,0,0,1,4,0,0,0,0,1,0,0,0,0,0,2,0,0,0,0,0,3,0,0,1,0,0
"内村　賢介",0,2,0,2,0,0,0,6,0,1,0,0,0,1,0,0,0,0,0,2,0,0,0,0,2,3,0,0,0,0,6,7,0,2,0,0,1,0,1,1,0,0,0,0,0,0,0,0,0,2,1,0,0,0
"石田　健大",1,1,0,0,0,0,1,0,0,0,0,0,0,0,0,0,0,0,0,5,0,1,0,0,0,0,0,0,0,0,6,6,0,0,0,0,0,0,0,0,0,0,0,1,0,0,0,0,0,0,0,0,0,0
"髙橋　尚成",0,0,1,0,0,0,0,0,0,0,0,0,0,0,0,0,0,0,0,0,0,0,0,0,0,0,0,0,0,0,0,0,0,0,0,0,0,0,0,0,0,0,0,0,0,0,0,0,0,0,0,0,0,0
"赤堀　大智",0,0,0,0,0,0,0,0,0,0,0,0,0,0,0,0,0,0,0,0,0,0,0,0,0,0,0,0,0,0,0,0,0,0,0,0,0,0,0,0,0,0,0,0,0,0,0,0,0,0,0,0,0,0
"大島　洋平",5,26,4,11,0,0,7,43,4,14,5,0,3,11,3,4,0,0,7,22,3,10,3,1,4,36,4,6,2,2,14,113,11,29,11,0,5,12,0,8,0,0,8,27,3,12,1,1,6,29,2,10,2,1
"荒木　雅博",4,7,0,4,0,0,2,9,1,5,1,0,0,3,1,0,1,0,0,12,0,4,2,0,3,8,4,0,2,0,11,49,6,17,4,0,0,12,1,4,0,0,4,7,2,7,0,0,3,13,0,1,0,0
"森野　将彦",2,6,5,5,0,0,2,15,5,5,1,0,3,7,2,2,1,0,1,8,4,4,1,0,2,12,2,3,1,0,14,31,9,13,1,0,0,7,3,2,0,0,5,3,0,4,1,0,4,11,3,5,2,0
"ルナ",6,17,7,9,2,1,7,26,11,8,5,1,5,14,2,6,0,0,6,25,9,10,3,0,9,25,2,10,3,0,19,86,10,30,6,3,6,10,6,8,1,0,9,17,5,8,4,1,5,32,2,8,1,1
"平田　良介",6,13,6,5,2,2,10,29,6,11,3,1,9,12,6,1,0,1,8,29,3,8,2,3,8,18,2,8,3,1,23,79,17,38,11,2,5,19,4,1,2,2,4,17,6,6,2,0,8,25,5,6,3,1
"藤井　淳志",8,17,3,3,0,0,14,15,0,7,2,0,5,7,1,7,0,0,4,11,1,3,0,0,5,12,3,5,2,3,16,29,7,21,6,0,2,7,1,5,0,0,6,11,2,2,0,1,5,4,2,5,1,1
"エルナンデス",13,17,4,7,2,0,13,29,2,15,6,0,9,11,0,6,0,1,9,22,4,10,2,1,7,23,1,6,3,1,21,74,10,27,7,4,9,14,5,3,2,2,7,26,2,7,0,1,8,17,3,4,4,1
"松井　雅人",8,8,0,2,1,0,5,11,1,2,1,0,0,4,0,1,0,0,5,5,0,1,0,0,6,6,0,2,0,0,5,22,2,4,0,0,3,3,0,0,0,0,5,2,2,0,0,0,4,3,0,1,0,0
"山井　大介",0,0,0,0,0,0,3,0,0,1,0,0,0,0,0,0,0,0,1,2,0,1,0,0,1,3,0,1,0,0,6,5,0,1,0,0,0,1,1,0,0,0,3,2,0,0,0,0,0,0,0,0,0,0
"高橋　周平",8,6,3,7,0,0,11,12,4,2,2,2,4,3,0,0,0,0,1,8,0,4,0,1,5,9,5,2,2,0,5,19,1,2,2,1,2,4,2,0,0,0,1,8,0,1,0,0,2,5,1,1,1,0
"ナニータ",2,12,0,3,0,0,5,10,2,7,1,0,2,1,0,2,1,0,4,11,1,3,4,0,1,11,1,5,2,0,3,17,2,9,3,0,1,6,0,2,0,0,2,6,1,2,0,0,2,6,0,2,0,0
"バルデス",0,0,0,1,0,0,3,1,0,0,0,0,0,1,0,0,0,0,3,8,0,1,0,0,0,0,0,0,1,0,3,11,0,2,0,0,0,2,0,0,0,0,3,2,0,0,0,0,1,0,0,0,0,0
"福田　永将",16,4,0,3,1,0,6,5,2,1,1,0,4,2,0,0,1,0,1,6,3,3,0,1,5,7,1,2,0,0,15,18,4,9,1,2,4,9,0,1,1,1,4,8,3,6,1,1,2,1,0,0,0,0
"亀澤　恭平",9,15,3,7,0,0,8,25,1,9,0,0,4,14,1,3,0,0,4,18,1,10,1,0,2,25,2,9,0,0,6,46,1,24,3,0,2,3,1,2,0,0,2,15,1,6,1,0,4,19,1,6,2,0
"八木　智哉",0,2,0,0,0,0,0,1,0,0,0,0,0,0,0,0,0,0,0,0,0,0,0,0,1,1,0,0,0,0,2,6,1,1,0,0,0,0,0,0,0,0,0,0,0,0,0,0,0,1,0,1,0,0
"井領　雅貴",1,0,0,0,0,0,0,1,0,0,0,0,0,0,0,0,0,0,1,1,0,0,0,0,0,1,0,0,0,0,0,0,0,0,0,0,0,0,0,0,0,0,0,0,0,0,0,0,0,0,0,0,0,0
"谷繁　元信",1,2,0,0,0,0,0,0,0,2,0,1,0,0,0,0,0,0,2,6,0,0,0,0,0,3,2,2,0,0,2,6,1,3,0,0,1,3,0,0,1,0,0,0,0,0,0,0,1,1,0,1,0,0
"小笠原　道大",4,4,1,1,1,0,3,2,0,3,0,0,0,3,1,1,0,0,0,0,0,1,0,0,0,4,1,0,1,0,1,6,1,1,0,0,0,4,0,5,0,0,1,0,1,0,0,0,0,1,0,0,0,0
"武山　真吾",3,0,0,0,0,0,0,2,0,2,0,0,0,0,1,0,0,0,0,0,0,0,0,0,1,2,0,0,0,0,2,5,2,0,0,0,0,1,1,0,0,0,1,1,0,0,0,0,0,0,0,0,0,0
"大野　雄大",4,2,0,0,1,0,1,0,0,1,0,0,1,0,0,0,0,0,4,2,0,0,0,0,0,0,0,0,0,0,7,12,1,3,0,0,0,0,0,0,0,0,6,6,0,1,0,0,6,2,0,0,0,0
"吉見　一起",1,1,0,0,0,0,0,3,0,0,0,0,0,0,0,0,0,0,2,1,0,1,0,0,1,0,0,1,0,0,1,1,0,0,0,0,0,0,0,0,0,0,0,0,0,0,0,0,1,0,1,0,0,0
"伊藤　準規",0,0,0,0,0,0,0,0,0,0,0,0,0,0,0,0,0,0,0,0,0,0,0,0,0,0,0,0,0,0,0,0,0,0,0,0,0,0,0,0,0,0,0,0,0,0,0,0,1,1,0,0,0,0
"堂上　直倫",1,0,0,0,0,0,1,1,0,0,0,0,1,1,0,1,0,0,1,3,1,0,0,0,1,1,0,0,0,0,1,10,2,2,0,1,0,0,0,0,0,0,1,2,1,1,0,0,1,2,0,0,0,0
"武藤　祐太",0,0,0,0,0,0,0,1,0,0,0,0,0,0,0,0,0,0,1,1,0,0,0,0,0,0,0,0,0,0,0,0,0,0,0,0,0,1,0,0,0,0,0,0,0,0,0,0,0,1,0,0,0,0
"福谷　浩司",0,0,0,0,0,0,0,0,0,0,0,0,0,0,0,0,0,0,0,0,0,0,0,0,0,0,0,0,0,0,0,0,0,0,0,0,0,0,0,0,0,0,0,0,0,0,0,0,0,1,0,0,0,0
"松井　佑介",2,1,0,1,0,0,0,0,0,0,0,0,0,3,0,0,0,0,0,1,0,0,0,0,0,0,0,1,0,0,1,8,0,3,0,0,1,1,0,0,0,0,2,1,0,0,0,0,0,1,0,0,0,0
"若松　駿太",1,1,0,1,0,0,1,2,1,1,0,0,0,0,0,0,0,0,0,0,0,0,0,0,2,5,0,1,0,0,10,3,1,0,0,0,1,1,0,0,0,0,5,1,0,0,0,0,1,1,0,0,0,0
"野本　圭",1,2,0,1,0,0,0,1,0,0,0,0,0,1,0,0,0,0,1,0,0,0,0,0,1,1,1,0,1,0,1,0,0,0,0,0,0,0,0,0,0,0,1,1,0,0,0,0,0,0,0,0,0,0
"桂　依央利",3,0,0,0,0,0,2,1,0,0,0,0,1,1,0,0,0,0,4,6,0,3,1,0,1,1,0,1,0,0,9,22,3,10,1,1,1,0,0,0,0,0,5,5,0,0,0,0,4,7,0,4,0,0
"友永　翔太",0,1,0,0,0,0,3,0,0,0,0,0,0,0,0,0,0,0,0,3,0,0,0,0,0,1,0,0,0,0,4,4,0,1,0,0,0,0,0,0,0,0,0,1,0,0,0,0,0,0,0,0,0,0
"小熊　凌祐",0,0,0,0,0,0,3,1,1,0,0,0,1,0,0,0,0,0,0,0,0,0,0,0,0,0,0,0,0,0,0,0,0,0,0,0,0,0,0,0,0,0,0,0,0,0,0,0,0,0,0,0,0,0
"杉山　翔大",2,4,0,2,1,0,2,10,0,5,1,2,4,2,0,0,0,0,0,5,1,3,0,0,4,11,1,0,1,0,12,25,1,7,0,1,1,3,0,1,0,0,3,12,0,2,0,0,4,11,0,1,0,0
"和田　一浩",6,9,0,3,1,0,9,15,1,2,0,1,0,5,0,2,1,1,4,9,1,3,0,0,1,10,2,6,0,0,10,34,6,16,2,1,3,8,1,5,0,1,4,11,1,4,1,0,2,8,1,6,2,0
"工藤　隆人",1,2,1,0,0,0,0,0,0,0,0,0,2,0,0,1,0,0,0,0,0,0,0,0,0,0,0,0,0,0,0,0,0,0,0,0,0,0,0,0,0,0,0,0,0,0,0,0,0,0,0,0,0,0
"岩田　慎司",0,0,0,0,0,0,0,0,0,0,0,0,0,0,0,0,0,0,0,0,0,0,0,0,1,0,0,0,0,0,1,0,0,0,0,0,0,0,0,0,0,0,0,0,0,0,0,0,0,0,0,0,0,0
"遠藤　一星",1,2,0,1,0,0,4,7,1,0,1,0,1,5,0,0,0,0,0,1,1,3,0,1,1,7,2,4,0,0,9,26,1,16,1,2,1,3,0,2,0,0,1,8,2,1,2,1,4,8,1,2,0,0
"鈴木　翔太",0,0,0,0,0,0,0,0,0,0,0,0,0,0,0,0,0,0,0,1,0,0,0,0,0,0,0,0,0,0,0,0,0,0,0,0,0,0,0,0,0,0,0,0,0,0,0,0,0,0,0,0,0,0
"雄太",0,0,0,0,0,0,0,0,0,0,0,0,0,0,0,0,0,0,0,0,0,0,0,0,0,0,0,0,0,0,3,1,0,0,0,0,0,0,0,0,0,0,0,0,0,0,0,0,0,0,0,0,0,0
"赤坂　和幸",0,1,0,3,0,0,1,0,0,1,0,0,0,3,2,0,0,0,0,0,0,1,0,0,0,1,0,0,0,0,3,8,1,3,1,0,3,2,0,1,0,0,1,4,1,1,0,0,0,0,0,1,0,0
"岡田　俊哉",0,0,0,0,0,0,0,0,0,0,0,0,0,0,0,0,0,0,0,0,0,0,0,0,0,0,0,0,0,0,0,0,0,0,0,0,0,0,0,0,0,0,0,0,0,0,0,0,0,1,0,0,0,0
"ネイラー",0,0,0,0,0,0,1,1,0,0,0,0,0,0,0,0,0,0,1,0,0,0,0,0,0,0,0,0,0,0,4,1,1,0,0,1,0,0,0,0,0,0,0,0,0,0,0,0,1,1,0,0,0,0
"濱田　達郎",0,0,0,0,0,0,0,0,0,0,0,0,0,0,0,0,0,0,0,0,0,0,0,0,0,0,0,0,0,0,0,2,0,0,0,0,0,0,0,0,0,0,0,1,0,0,0,0,2,0,0,0,0,0
"赤田　龍一郎",0,0,0,0,0,0,0,0,0,0,0,0,0,0,0,0,0,0,0,1,0,0,0,0,0,0,0,0,0,0,0,0,0,0,0,0,0,0,0,0,0,0,0,0,0,0,0,0,0,0,0,0,0,0
"谷　哲也",0,0,0,0,0,0,0,0,0,0,0,0,0,0,0,0,0,0,0,0,0,0,0,0,0,0,0,0,0,0,0,1,0,0,0,0,0,0,0,0,0,0,0,0,0,0,0,0,0,0,0,0,0,0
"鳥谷　敬",12,20,5,9,0,0,9,24,7,9,1,2,9,11,1,5,0,0,16,39,14,11,3,0,3,30,14,20,3,3,13,95,19,35,7,0,3,16,2,6,3,0,4,29,6,7,1,1,1,17,1,5,4,0
"上本　博紀",8,9,3,8,4,2,2,22,2,8,2,1,6,10,1,2,2,0,4,28,9,6,1,0,11,26,4,7,2,0,18,63,16,24,3,0,3,8,2,1,0,0,7,15,4,6,1,0,6,13,2,2,1,0
"西岡　剛",3,3,1,3,2,0,2,9,5,3,1,0,0,3,1,3,0,0,2,18,2,4,0,0,0,6,0,3,0,0,10,35,8,10,2,2,1,11,2,0,0,0,1,2,1,3,1,0,0,8,0,4,1,0
"ゴメス",19,10,4,5,2,0,16,21,5,8,5,3,10,9,1,3,2,3,13,36,8,12,5,4,11,32,7,8,4,0,31,71,26,31,4,1,11,14,3,3,1,0,5,15,8,10,2,3,4,16,3,2,1,3
"マートン",4,16,4,6,1,0,12,26,6,11,1,1,4,13,1,3,1,0,9,47,2,14,2,1,8,36,3,14,3,0,20,95,8,33,6,3,7,11,1,2,6,1,5,24,2,9,2,0,3,16,1,5,2,0
"福留　孝介",13,15,5,6,1,1,9,21,7,9,3,5,2,11,2,3,0,1,3,43,4,7,2,1,10,32,9,12,2,2,18,71,16,31,9,3,7,11,4,3,2,0,4,21,3,9,3,3,3,15,5,2,1,3
"梅野　隆太郎",3,5,0,0,1,0,4,4,1,0,0,1,2,4,0,0,0,0,3,9,1,3,0,0,3,4,0,2,1,1,13,24,2,8,6,1,1,5,1,1,1,1,2,5,1,1,0,0,0,5,0,1,0,0
"大和",6,11,0,1,1,0,1,5,1,3,1,0,1,1,2,2,1,0,6,25,1,7,0,0,3,16,2,6,1,0,8,46,1,15,0,0,2,11,0,1,0,0,2,7,2,3,1,0,1,9,1,2,0,0
"メッセンジャー",1,2,0,0,0,0,4,2,0,2,0,0,0,0,0,0,0,0,3,8,0,0,0,0,0,3,0,1,0,0,3,9,0,0,0,0,0,0,0,1,0,0,3,5,0,1,0,0,0,1,0,0,0,0
"柴田　講平",3,1,0,3,0,0,2,5,2,1,0,0,3,3,0,1,0,0,0,0,0,0,0,0,3,2,0,0,0,0,0,6,0,1,1,0,0,0,0,0,0,0,1,1,0,1,0,0,1,0,1,0,0,0
"新井　良太",6,7,0,3,0,0,2,4,2,0,0,0,2,4,0,1,0,0,9,18,1,1,1,1,1,8,2,2,0,0,8,16,2,3,3,1,3,5,0,2,0,1,4,7,2,0,1,0,5,0,0,0,0,0
"俊介",3,3,1,2,1,0,3,0,0,2,0,0,3,0,2,1,1,0,1,10,2,8,0,0,2,5,0,3,0,0,2,12,1,2,0,0,1,7,0,2,0,0,1,4,0,0,1,0,0,4,0,0,0,0
"岩田　稔",3,1,0,0,0,0,2,0,0,0,0,0,0,1,0,0,0,0,2,2,0,1,0,0,1,8,0,0,0,0,8,10,0,3,1,0,2,2,0,0,0,0,5,2,0,0,0,0,0,0,0,0,0,0
"関本　賢太郎",1,3,2,1,0,0,0,1,0,2,0,0,2,1,0,0,0,0,1,2,0,1,0,0,1,2,1,1,0,0,1,6,3,3,0,0,0,3,0,1,0,0,1,1,1,1,0,0,0,1,0,0,0,0
"藤浪　晋太郎",0,0,0,0,0,0,2,0,0,1,0,0,3,0,0,0,0,0,4,8,0,1,0,0,2,1,0,0,0,0,8,6,1,3,1,0,1,0,0,0,0,0,1,1,0,0,0,0,6,1,1,0,1,0
"能見　篤史",0,1,0,0,0,0,2,0,0,0,0,0,0,0,0,0,0,0,1,2,0,1,1,0,7,2,0,2,0,0,6,9,0,2,0,0,0,0,0,0,0,0,0,1,0,0,0,0,4,1,0,0,0,0
"岩本　輝",0,0,0,0,0,0,0,1,1,0,0,0,0,0,0,0,0,0,1,1,0,0,0,0,0,0,0,0,0,0,0,0,0,0,0,0,0,0,0,0,0,0,1,2,0,0,0,0,0,0,0,0,0,0
"岩崎　優",0,0,0,0,0,0,0,2,0,0,0,0,0,0,0,0,0,0,1,3,0,0,0,0,2,1,0,0,0,0,4,4,0,3,0,0,0,1,0,0,0,0,1,2,0,1,0,0,0,0,0,0,0,0
"江越　大賀",1,3,2,0,1,0,8,3,1,2,1,0,6,3,0,0,1,0,6,13,0,4,1,0,1,7,0,2,0,1,16,18,2,5,3,3,4,1,0,3,0,0,9,5,0,0,0,0,2,3,0,0,0,0
"今成　亮太",10,6,4,4,1,0,6,14,3,7,0,0,8,8,2,2,0,0,6,9,2,5,1,0,10,14,5,14,0,0,19,34,3,18,2,1,0,2,0,3,0,0,3,10,2,8,1,0,3,5,1,2,1,0
"狩野　恵輔",2,6,0,2,1,1,0,5,0,2,0,1,1,9,0,2,1,0,2,8,1,0,0,0,1,4,0,0,0,0,3,8,2,4,1,0,1,3,0,2,0,0,0,0,0,0,1,0,0,1,0,0,0,0
"藤井　彰人",3,6,0,1,0,0,6,8,3,2,0,0,2,2,0,1,0,0,3,14,2,5,0,0,2,15,1,4,0,0,2,16,5,6,0,0,2,3,0,0,1,0,0,11,2,2,1,0,0,6,1,0,0,0
"伊藤　隼太",3,5,2,1,1,0,4,5,0,1,2,0,3,1,0,1,0,0,2,4,0,3,0,1,1,13,3,4,0,0,9,24,4,9,2,1,0,2,0,1,1,0,2,6,0,3,0,0,3,4,2,2,0,0
"坂　克彦",1,1,1,0,0,0,1,0,0,1,0,0,2,2,0,1,0,0,1,3,0,0,0,0,2,4,1,1,0,0,3,6,1,1,0,0,1,0,0,0,1,0,0,0,0,0,0,0,0,2,0,0,0,0
"小宮山　慎二",0,1,0,0,0,0,0,0,0,0,0,0,0,0,0,0,0,0,0,0,0,0,0,0,0,0,0,0,0,0,1,1,0,0,0,0,0,1,0,0,0,0,0,2,0,0,0,0,0,0,0,0,0,0
"岡﨑　太一",0,0,0,0,0,0,0,0,0,0,0,0,0,0,0,0,0,0,0,1,0,0,0,0,0,0,0,0,0,0,0,0,0,0,0,0,0,0,0,0,0,0,0,0,0,0,0,0,0,0,0,0,0,0
"鶴岡　一成",3,2,0,1,2,0,3,3,0,0,1,0,4,2,0,2,0,0,8,9,2,1,1,0,5,9,1,5,0,0,14,21,5,7,1,1,0,6,0,2,0,0,2,3,1,0,1,0,2,2,2,3,1,0
"中谷　将大",0,0,0,0,0,0,0,0,0,0,0,0,0,0,0,0,0,0,1,1,0,0,0,0,1,1,0,0,0,0,0,3,0,0,0,0,0,1,0,1,0,0,0,0,0,0,0,0,0,0,0,0,0,0
"サンティアゴ",0,1,0,0,0,0,1,0,0,0,0,0,0,0,0,0,0,0,0,0,0,0,0,0,0,0,0,0,0,0,0,2,0,0,0,0,1,0,0,0,0,0,0,0,0,0,0,0,0,0,0,0,0,0
"荒木　郁也",1,0,0,1,0,0,0,1,0,1,0,0,1,5,0,0,0,0,1,1,0,0,0,0,0,5,1,0,0,0,3,5,0,2,0,0,0,0,1,1,0,0,1,4,0,1,0,0,0,0,0,0,0,0
"横山　雄哉",0,0,0,0,0,0,0,0,0,0,0,0,0,0,0,0,0,0,0,2,0,0,0,0,0,0,0,0,0,0,0,0,0,0,0,0,0,0,0,0,0,0,0,0,0,0,0,0,0,0,0,0,0,0
"松田　遼馬",0,0,0,0,0,0,0,0,0,0,0,0,0,0,0,0,0,0,0,0,0,0,0,0,0,0,0,0,0,0,0,0,0,0,0,0,0,0,0,0,0,0,0,0,0,1,0,0,0,0,0,0,0,0
"岩貞　祐太",0,0,0,0,0,0,0,0,0,0,0,0,0,0,0,0,0,0,0,0,0,0,0,0,0,0,0,0,0,0,0,1,0,0,0,0,0,0,0,0,0,0,0,0,0,0,0,0,0,0,0,0,0,0
"桑原　謙太朗",0,0,0,0,0,0,0,0,0,0,0,0,0,0,0,0,0,0,0,1,0,0,0,0,0,0,0,0,0,0,0,0,0,0,0,0,0,0,0,0,0,0,0,0,0,0,0,0,0,0,0,0,0,0
"北條　史也",0,0,0,0,0,0,0,0,0,0,0,0,0,0,0,0,0,0,0,0,0,0,0,0,0,0,0,0,0,0,0,0,0,0,0,0,0,1,0,0,0,0,0,0,0,0,0,0,0,0,0,0,0,0
"森越　祐人",0,0,0,0,0,0,0,0,0,0,0,0,0,0,0,0,0,0,3,2,0,0,0,0,0,1,0,0,0,0,0,1,1,0,0,0,0,0,0,0,0,0,0,0,0,0,0,0,0,0,0,0,0,0
"山本　翔也",0,0,0,0,0,0,0,2,0,0,0,0,0,0,0,0,0,0,0,0,0,0,0,0,0,0,0,0,0,0,0,0,0,0,0,0,0,0,0,0,0,0,0,0,0,0,0,0,0,0,0,0,0,0
"秋山　拓巳",0,0,0,0,0,0,0,0,0,0,0,0,0,0,0,0,0,0,1,1,0,0,0,0,0,0,0,0,0,0,1,0,0,0,0,0,0,1,0,0,0,0,0,0,0,0,0,0,0,0,0,0,0,0
"田上　健一",0,0,0,0,0,0,0,0,0,0,0,0,0,0,0,0,0,0,0,0,0,0,0,0,0,1,0,0,0,0,0,0,0,0,0,0,0,0,0,0,0,0,0,0,0,0,0,0,0,0,0,0,0,0
"鶴　直人",0,0,0,0,0,0,0,0,0,0,0,0,0,0,0,0,0,0,0,0,0,0,0,0,0,0,0,0,0,0,1,0,0,0,0,0,0,0,0,0,0,0,0,0,0,0,0,0,0,0,0,0,0,0
"ペレス",0,0,0,0,0,0,1,2,0,0,0,0,0,1,0,0,0,0,1,1,1,0,0,0,0,0,0,0,0,0,1,2,0,0,0,0,0,0,0,0,0,0,0,0,0,0,0,0,0,0,0,0,0,0
"鈴木　誠也",7,15,0,3,1,0,5,6,1,2,1,1,1,1,0,1,0,0,3,12,1,6,0,0,2,4,1,2,0,0,11,39,9,11,3,1,4,10,0,6,1,0,1,9,1,7,0,1,1,6,0,1,1,0
"菊池　涼介",8,30,4,8,1,1,15,23,5,10,2,1,5,16,2,4,1,0,16,32,2,7,0,0,6,38,0,17,3,0,20,91,5,32,12,3,13,15,4,4,1,0,1,33,1,13,2,2,2,14,3,5,0,0
"丸　佳浩",15,23,8,9,2,1,11,20,12,7,9,3,6,13,7,2,0,0,13,22,10,6,2,0,15,30,7,9,2,4,43,81,27,24,7,2,11,15,1,5,3,1,18,18,7,11,2,2,5,8,5,3,1,1
"グスマン",1,5,0,1,0,0,6,7,0,0,1,0,3,1,1,1,1,0,1,7,6,1,1,0,1,2,0,3,0,0,6,21,6,4,2,2,3,0,0,0,1,0,3,3,0,0,0,0,1,2,1,1,2,0
"松山　竜平",7,11,3,13,1,2,6,12,1,8,1,2,3,7,0,0,2,0,1,16,4,0,0,1,1,17,7,3,5,0,5,31,2,4,1,0,2,2,2,1,0,0,3,7,2,3,0,1,1,7,0,4,1,1
"梵　英心",5,10,5,2,2,0,5,18,1,6,2,2,2,7,2,0,0,0,8,17,8,4,1,0,2,14,4,3,1,1,14,57,7,19,4,2,3,8,0,2,0,0,4,12,1,4,4,0,3,11,2,0,0,0
"會澤　翼",13,13,5,4,1,0,5,12,6,4,1,1,6,10,0,0,0,0,4,16,3,8,1,1,2,9,3,3,1,0,11,41,2,14,2,2,0,7,1,2,2,0,4,15,4,5,0,0,2,6,0,1,0,0
"田中　広輔",14,26,3,9,3,1,10,30,2,11,4,1,7,9,0,5,2,0,10,31,9,12,2,2,9,29,5,10,5,0,31,90,6,25,11,3,4,17,0,6,2,0,8,23,3,11,5,1,2,13,1,1,3,0
"前田　健太",1,0,0,0,0,0,0,0,0,0,0,0,0,0,0,0,0,0,4,2,0,0,0,0,2,5,0,1,0,1,9,10,0,3,1,0,0,2,0,2,1,0,4,3,1,1,0,0,0,2,0,1,0,0
"新井　貴浩",9,16,9,5,3,0,7,21,7,10,3,0,5,8,5,5,0,0,6,24,1,10,0,0,6,21,2,10,3,0,21,71,7,26,7,4,3,23,4,2,0,1,12,23,7,7,2,1,1,11,2,3,1,0
"天谷　宗一郎",3,5,1,1,0,0,0,3,1,2,0,0,1,1,0,1,0,0,0,3,0,0,0,0,1,0,0,0,0,0,2,0,1,2,0,0,0,1,1,0,0,0,0,0,0,0,0,0,0,0,1,0,0,0
"岩本　貴裕",1,0,0,0,0,0,0,0,0,0,0,0,0,1,0,1,1,0,0,0,0,0,0,0,0,0,0,1,0,0,0,5,0,0,0,0,0,0,0,0,0,0,0,0,0,0,0,0,0,0,0,0,0,0
"野間　峻祥",8,16,2,1,3,0,4,6,1,2,1,0,4,5,1,1,1,0,3,12,1,4,1,0,2,12,1,3,1,0,5,28,2,7,2,0,2,1,0,2,0,0,1,3,0,0,0,0,2,2,0,2,1,0
"小窪　哲也",2,3,2,1,0,0,1,2,0,3,0,0,2,2,0,0,0,0,4,3,2,1,1,0,1,3,1,0,0,0,2,5,5,7,1,0,1,5,2,2,0,0,2,2,1,1,0,0,1,1,0,0,0,0
"美間　優槻",0,0,0,0,0,0,0,0,0,0,0,0,0,0,0,0,0,0,0,0,0,0,0,0,0,0,0,0,0,0,1,2,0,0,0,0,0,0,0,0,0,0,0,0,0,0,0,0,0,0,0,0,0,0
"石原　慶幸",3,8,1,4,0,0,2,7,1,6,3,0,1,6,0,0,0,0,2,10,2,3,1,0,7,15,2,4,0,0,14,38,4,13,1,1,2,9,1,3,1,0,5,11,1,3,0,0,0,7,2,2,0,0
"ジョンソン",2,1,0,0,0,0,4,1,0,1,0,0,0,0,0,0,0,0,1,2,0,1,0,0,3,1,0,0,0,0,12,8,2,4,1,0,1,5,0,1,0,0,2,3,0,0,0,0,0,0,0,0,0,0
"木村　昇吾",5,14,3,5,0,0,3,6,2,1,2,0,1,4,0,0,1,0,1,1,0,0,0,0,4,7,0,6,0,0,2,3,0,2,1,0,0,1,0,0,2,0,0,7,0,3,0,0,3,2,0,0,0,0
"黒田　博樹",1,5,0,0,0,0,4,1,1,1,0,0,0,1,0,0,0,0,2,0,0,0,1,0,2,3,0,0,0,0,5,7,2,1,0,0,2,0,0,0,0,0,3,1,0,0,0,0,4,1,0,0,0,0
"大瀬良　大地",1,0,0,0,0,0,2,2,0,0,0,0,1,0,0,0,0,0,1,0,0,0,0,0,1,4,0,0,0,0,3,1,0,0,0,0,0,0,1,0,0,0,4,2,0,0,0,0,0,0,0,0,0,0
"今井　啓介",0,0,0,0,0,0,0,0,0,0,0,0,0,0,0,0,0,0,0,0,0,0,0,0,0,0,0,0,0,0,1,0,0,0,0,0,0,0,0,0,0,0,0,0,0,0,0,0,0,0,0,0,0,0
"野村　祐輔",1,0,0,0,0,0,1,2,0,0,0,0,0,0,0,0,0,0,4,3,0,0,0,0,4,1,0,0,0,0,2,4,0,0,0,0,0,0,0,0,0,0,0,0,0,0,0,0,0,0,0,0,0,0
"ロサリオ",3,3,2,1,2,0,2,7,0,3,0,0,0,2,0,1,0,0,4,8,2,2,0,1,1,1,0,2,0,0,5,22,3,10,3,1,4,6,0,1,0,0,2,9,2,1,0,0,0,2,0,1,0,0
"堂林　翔太",3,4,1,0,0,0,1,2,0,1,0,0,0,0,0,0,0,0,3,3,0,0,0,0,0,0,0,0,0,0,2,13,1,9,1,0,4,1,0,2,0,0,0,4,1,1,0,0,1,3,0,0,0,0
"福井　優也",2,2,0,0,0,0,7,1,0,0,0,0,0,0,0,0,0,0,4,6,1,0,0,0,1,0,0,0,0,0,4,0,0,0,0,0,0,0,0,0,0,0,2,1,0,0,0,0,1,3,0,0,0,0
"安部　友裕",1,7,0,3,0,0,1,5,0,1,0,0,0,3,0,1,0,0,2,4,0,2,0,0,2,9,0,2,0,0,0,13,0,5,0,0,0,1,0,2,0,0,0,5,0,1,0,0,0,0,0,0,0,0
"シアーホルツ",10,13,3,2,1,0,8,9,2,3,3,0,4,4,0,3,1,1,3,7,0,1,0,2,8,13,1,6,2,1,15,28,3,13,1,2,4,6,1,3,0,0,8,14,2,0,1,1,1,5,0,2,0,2
"九里　亜蓮",0,0,0,0,0,0,0,0,0,0,0,0,0,0,0,0,0,0,0,0,0,0,0,0,0,0,0,0,0,0,2,0,0,0,0,0,0,0,0,0,0,0,0,0,0,0,0,0,0,0,0,0,0,0
"中東　直己",1,0,0,0,0,0,0,0,0,0,0,0,0,0,0,0,0,0,0,1,0,0,0,0,0,0,0,0,0,0,0,1,0,0,0,0,0,0,0,0,0,0,0,0,0,0,0,0,0,0,0,0,0,0
"戸田　隆矢",1,2,0,0,0,0,0,0,0,0,0,0,0,0,0,0,0,0,0,0,0,0,0,0,1,0,0,1,0,0,3,2,0,0,0,0,0,0,0,0,0,0,0,0,0,0,0,0,0,0,0,0,0,0
"エルドレッド",9,10,5,2,0,1,13,5,0,4,0,4,10,6,2,1,0,1,9,7,2,3,1,0,8,18,6,3,4,1,18,31,6,15,1,7,10,9,1,3,0,1,7,12,5,1,0,3,1,9,1,0,0,0
"赤松　真人",0,1,0,1,0,0,1,0,0,0,0,0,1,0,0,0,0,0,0,0,0,0,0,0,0,0,0,0,0,0,0,2,0,0,0,0,0,0,0,0,0,0,0,0,0,0,1,0,0,1,0,0,0,0
"薮田　和樹",0,0,0,0,0,0,0,1,0,0,0,0,0,0,0,0,0,0,0,0,0,0,0,0,0,0,0,0,0,0,3,0,0,0,0,0,0,0,0,0,0,0,1,0,0,0,0,0,0,0,0,0,0,0
"中村　恭平",0,0,0,0,0,0,0,0,0,0,0,0,0,0,0,0,0,0,0,0,0,0,0,0,0,0,0,0,0,0,1,0,0,0,0,0,0,0,0,0,0,0,0,0,0,0,0,0,0,0,0,0,0,0
"今村　猛",0,0,0,0,0,0,0,0,0,0,0,0,0,0,0,0,0,0,0,0,0,0,0,0,0,0,0,0,0,0,0,0,0,0,0,0,0,0,0,0,0,0,0,0,0,0,0,0,0,0,0,0,0,0
"下水流　昂",0,1,0,0,0,0,0,0,0,0,0,0,0,1,0,0,0,0,1,1,0,1,0,0,0,0,0,0,0,0,1,1,0,1,0,0,0,0,0,0,0,0,1,1,0,0,0,0,0,0,0,0,0,0
"秋山　翔吾",15,36,9,13,5,2,16,32,4,15,5,3,4,15,3,8,0,0,1,22,4,11,1,1,17,78,19,33,10,1,13,66,9,28,4,3,4,9,2,5,3,0,0,10,1,5,1,1,2,8,1,6,1,0
"栗山　巧",16,27,13,8,5,0,12,36,6,12,3,1,4,12,2,4,0,0,8,23,1,7,2,0,19,70,14,24,6,4,10,60,13,26,4,2,3,10,2,6,0,1,1,13,0,2,0,0,2,11,1,2,1,1
"浅村　栄斗",30,34,7,11,2,2,26,24,10,9,3,0,11,8,2,5,1,0,7,11,4,7,1,1,22,64,18,27,4,3,15,43,12,21,6,4,3,13,4,3,0,0,4,12,0,3,0,0,5,8,2,2,1,1
"中村　剛也",43,23,6,3,6,4,27,16,7,11,3,5,9,13,3,2,0,2,11,11,4,2,1,2,25,45,20,21,11,9,26,46,10,11,4,6,3,9,3,5,1,1,9,4,1,2,1,1,3,6,3,4,2,2
"メヒア",22,26,3,4,2,1,25,28,2,4,6,2,12,3,2,1,0,2,4,15,1,0,3,0,34,56,12,9,3,6,30,32,14,12,6,2,2,7,2,4,0,2,4,8,1,3,2,0,5,7,1,1,5,3
"森　友哉",25,29,4,7,2,1,14,28,8,9,2,2,10,7,1,5,2,0,2,12,1,6,1,1,31,45,13,19,10,1,26,35,9,15,4,3,5,5,1,5,4,0,8,6,0,4,1,0,3,7,1,2,2,2
"木村　文紀",4,5,1,0,1,1,1,1,0,0,0,0,2,2,0,0,0,0,0,1,1,0,0,0,3,12,1,2,1,1,4,5,0,2,0,0,2,2,1,0,0,0,1,1,0,0,0,0,2,1,0,1,2,1
"炭谷　銀仁朗",15,28,4,5,0,0,12,23,4,6,1,0,4,8,0,2,0,0,5,8,0,6,2,1,20,61,2,16,3,0,13,41,2,12,5,2,3,9,1,0,1,0,1,9,0,2,1,0,5,7,2,1,0,0
"鬼﨑　裕司",5,5,0,1,1,0,5,8,0,3,0,0,1,0,0,0,0,0,0,3,1,1,0,0,5,20,6,6,2,0,3,13,1,3,1,0,1,1,0,0,0,0,0,1,0,0,0,0,0,1,0,1,0,0
"坂田　遼",1,1,0,0,0,0,2,6,0,0,0,0,0,2,0,0,0,0,0,0,0,0,0,0,2,7,0,0,0,0,1,7,0,1,0,0,0,0,0,0,0,0,0,0,0,0,0,0,2,0,0,0,0,0
"金子　侑司",4,7,0,1,1,0,9,9,0,1,0,0,2,1,0,4,0,0,4,5,0,1,0,0,6,22,5,5,2,0,8,13,2,6,1,1,3,2,1,0,0,0,0,3,0,2,0,0,3,4,0,1,0,0
"森本　稀哲",2,1,0,0,0,0,0,0,0,0,0,0,0,0,0,0,0,0,0,0,0,0,0,0,0,3,1,0,0,0,1,3,1,0,0,0,0,0,0,0,0,0,0,1,0,0,0,0,0,0,0,0,0,0
"脇谷　亮太",17,23,3,8,1,2,6,13,4,6,3,0,4,9,3,2,0,0,2,6,2,1,1,0,7,32,5,15,4,1,3,18,5,8,0,0,1,1,1,5,1,0,0,1,0,1,1,0,1,2,1,0,0,0
"渡辺　直人",7,13,3,5,1,0,0,7,0,3,0,0,2,5,0,5,1,0,0,5,0,4,0,0,5,14,3,6,1,0,9,10,3,7,1,0,1,6,1,0,0,0,0,4,1,1,0,0,0,7,1,1,0,0
"米野　智人",0,0,0,0,0,0,0,0,0,0,0,0,0,0,0,0,0,0,0,0,0,0,0,0,0,2,0,0,0,0,0,0,0,0,0,0,0,0,0,0,0,0,1,1,0,0,0,0,0,0,0,0,0,0
"岡田　雅利",3,5,1,0,0,0,3,4,0,2,0,0,0,2,0,2,0,0,1,0,0,1,0,0,0,4,0,3,0,1,1,4,2,3,0,0,0,2,0,0,0,0,2,1,0,0,0,0,0,3,0,0,0,0
"斉藤　彰吾",13,6,0,1,0,0,2,1,1,1,1,0,1,1,1,0,0,0,2,4,1,2,1,0,9,13,0,5,0,1,3,5,0,5,2,0,0,2,0,0,0,0,0,0,0,0,0,0,0,0,0,0,0,0
"熊代　聖人",0,0,0,0,0,0,1,0,0,0,0,0,1,0,0,0,0,0,0,0,0,0,0,0,1,5,1,1,0,0,1,7,0,2,0,0,0,0,0,0,0,0,0,0,0,0,0,0,1,2,0,0,0,0
"大﨑　雄太朗",5,6,1,2,1,0,1,7,1,1,0,0,3,3,0,2,0,0,0,1,0,0,0,0,2,10,0,1,2,0,3,7,1,4,0,0,1,3,0,0,0,0,0,2,1,1,0,1,0,0,0,1,0,0
"セラテリ",2,2,1,0,0,0,5,5,1,1,0,0,1,2,0,1,0,0,1,1,1,1,0,0,1,4,4,1,0,0,5,4,2,5,2,0,2,3,0,0,0,0,1,1,1,0,0,0,1,2,0,0,0,0
"十亀　剣",0,0,0,0,0,0,0,0,0,0,0,0,0,0,0,0,0,0,0,0,0,0,0,0,2,1,0,0,0,0,1,0,0,0,0,0,0,0,0,0,0,0,0,0,0,0,0,0,0,0,0,0,0,0
"野上　亮磨",0,0,0,0,0,0,0,0,0,0,0,0,0,0,0,0,0,0,0,0,0,0,0,0,0,0,0,0,0,0,4,1,0,0,0,0,0,0,0,0,0,0,0,0,0,0,0,0,0,0,0,0,0,0
"西口　文也",0,0,0,0,0,0,0,0,0,0,0,0,0,0,0,0,0,0,1,0,0,0,0,0,0,0,0,0,0,0,0,0,0,0,0,0,0,0,0,0,0,0,0,0,0,0,0,0,0,0,0,0,0,0
"岸　孝之",0,0,0,0,0,0,0,0,0,0,0,0,0,0,0,0,0,0,0,2,0,0,0,0,0,0,0,0,0,0,0,0,0,0,0,0,0,0,0,0,0,0,0,0,0,0,0,0,0,0,0,0,0,0
"牧田　和久",0,0,0,0,0,0,2,0,0,0,0,0,0,0,0,0,0,0,0,0,0,0,0,0,0,0,0,0,0,0,0,0,0,0,0,0,0,0,0,0,0,0,0,0,0,0,0,0,0,0,0,0,0,0
"菊池　雄星",0,0,0,0,0,0,0,0,0,0,0,0,0,0,0,0,0,0,0,0,0,0,0,0,1,1,0,0,1,0,0,0,0,0,0,0,0,0,0,0,0,0,0,0,0,0,0,0,1,0,0,0,0,0
"郭　俊麟",1,0,0,0,0,0,0,0,0,0,0,0,0,0,0,0,0,0,1,0,0,0,0,0,0,0,0,0,0,0,0,0,0,0,0,0,0,0,0,0,0,0,0,0,0,0,0,0,0,0,0,0,0,0
"永江　恭平",3,0,0,0,0,0,1,0,0,0,0,0,2,0,1,0,0,0,0,0,0,0,0,0,1,0,0,0,0,0,2,1,0,0,0,0,0,0,0,0,0,0,1,0,0,1,0,0,0,1,0,0,0,0
"田代　将太郎",0,0,0,0,0,0,3,0,0,0,0,0,0,2,0,0,0,0,0,0,0,0,0,0,0,0,0,0,0,0,1,0,0,1,0,0,0,0,0,0,0,0,0,0,0,0,0,0,0,0,0,0,0,0
"外崎　修汰",8,14,1,3,0,0,4,3,1,1,1,0,2,1,0,1,0,0,2,2,0,1,0,0,7,12,1,1,1,0,3,9,1,2,0,1,0,4,2,0,0,0,0,2,0,1,0,0,2,0,0,2,1,0
"上本　達之",1,1,0,0,0,0,0,0,0,0,0,0,0,0,0,0,0,0,0,0,0,0,0,0,0,2,1,2,0,0,0,2,0,0,0,0,0,3,0,0,0,0,0,1,0,0,0,0,0,0,0,0,0,0
"中田　祥多",0,0,0,0,0,0,0,0,0,0,0,0,0,0,0,0,0,0,1,0,0,0,0,0,1,2,0,0,0,0,1,0,0,0,0,0,1,0,0,0,0,0,0,0,1,0,0,0,0,0,0,0,0,0
"山川　穂高",0,0,0,0,0,0,0,0,0,0,0,0,0,0,0,0,0,0,0,0,0,0,0,0,0,0,0,0,0,0,0,0,0,0,0,0,0,0,0,0,0,0,0,0,0,0,0,0,0,0,0,0,0,0
"西川　遥輝",16,34,9,6,2,1,17,18,3,10,0,1,8,15,2,3,1,0,10,15,1,6,2,0,12,40,12,14,11,1,12,49,9,17,3,0,9,11,4,4,1,0,3,19,5,10,2,1,0,0,2,0,0,0
"田中　賢介",11,51,9,15,3,0,8,25,5,10,0,1,5,18,1,9,1,0,3,27,5,8,1,1,10,64,12,19,6,0,4,53,9,17,4,0,2,18,2,7,3,0,1,24,6,14,0,1,0,3,0,1,0,0
"陽　岱鋼",20,28,4,16,2,0,9,14,1,10,1,0,8,14,3,1,0,0,7,10,0,5,2,2,17,38,2,9,2,1,12,15,1,4,1,0,3,7,3,6,0,1,5,14,3,7,2,0,0,4,0,1,0,0
"中田　翔",20,37,6,15,3,4,13,21,8,6,1,1,8,16,3,6,2,4,2,25,1,7,4,2,22,52,12,19,6,6,18,47,7,15,2,2,8,19,7,3,2,1,11,22,8,3,1,3,2,3,2,0,0,0
"ハーミッダ",9,4,2,0,1,0,5,3,3,2,0,0,3,4,2,1,0,0,6,2,0,2,0,0,15,16,4,4,2,1,5,13,6,6,1,0,4,8,0,0,1,0,7,9,1,1,2,0,2,0,1,0,0,0
"レアード",31,30,3,5,4,2,13,20,3,4,2,3,7,11,3,3,2,3,6,23,3,4,0,2,23,53,16,9,3,7,21,46,1,10,1,6,4,16,0,5,4,3,6,23,3,3,2,2,1,0,1,1,0,2
"近藤　健介",14,36,12,13,4,0,5,21,5,7,5,1,5,17,2,9,1,2,3,16,3,5,1,0,6,47,10,19,7,1,7,41,4,17,7,1,3,15,7,6,2,0,4,9,2,9,2,2,0,2,1,0,1,0
"谷口　雄也",3,0,1,1,0,0,9,3,3,2,0,0,0,1,1,0,0,0,2,6,0,2,0,0,4,15,5,6,2,0,2,14,1,3,3,2,2,3,0,0,0,0,1,5,2,1,0,0,0,1,0,0,0,0
"中島　卓也",22,33,11,18,0,0,7,24,6,15,0,0,3,17,3,11,1,0,6,20,6,5,2,0,13,66,12,17,1,0,13,47,5,25,2,0,5,7,7,13,1,0,7,26,2,8,1,0,1,1,0,1,0,0
"石川　慎吾",3,13,4,3,3,1,1,0,0,0,0,0,2,4,0,0,0,0,1,1,1,2,0,0,1,12,1,0,0,0,1,10,1,2,0,0,0,5,1,1,0,0,1,3,0,0,1,0,0,1,1,0,0,0
"岡　大海",11,23,5,1,1,1,5,12,1,8,0,0,4,6,0,2,0,0,5,6,1,3,1,0,11,27,3,6,4,0,6,26,2,12,1,2,5,7,0,3,2,0,6,10,0,1,2,0,1,1,3,0,0,0
"飯山　裕志",3,3,0,0,0,0,0,2,0,0,0,0,1,1,1,1,0,0,1,0,0,0,0,0,0,2,0,1,0,0,0,1,0,0,0,0,0,1,0,0,0,0,0,0,0,0,0,0,0,0,0,0,0,0
"北　篤",0,0,0,0,0,0,0,0,0,0,0,0,0,0,0,0,0,0,0,0,0,0,0,0,1,0,0,0,0,0,0,0,0,0,0,0,0,0,0,0,0,0,0,0,0,0,0,0,0,0,0,0,0,0
"石川　亮",1,2,0,0,0,0,0,1,0,0,0,0,0,1,0,0,0,0,2,2,0,1,0,0,1,2,0,0,0,0,1,1,0,0,1,0,2,0,0,0,0,0,1,2,1,2,1,0,0,0,0,0,0,0
"杉谷　拳士",5,7,1,5,0,0,3,5,0,3,1,1,1,5,0,3,0,0,1,5,0,1,0,0,7,17,3,9,2,0,6,17,2,11,2,0,0,5,1,3,1,0,2,8,0,4,0,0,0,1,0,0,0,0
"大谷　翔平",10,2,2,1,0,1,5,1,1,1,0,0,5,6,0,1,0,0,6,2,0,2,1,0,3,7,0,3,0,0,3,9,1,2,1,2,0,6,1,0,0,0,5,4,1,2,1,1,1,0,0,0,0,0
"松本　剛",1,0,0,0,0,0,0,0,0,0,0,0,0,0,0,0,0,0,0,0,0,0,0,0,0,2,1,0,1,0,1,0,0,0,0,0,0,0,0,0,0,0,1,1,0,0,0,0,0,0,0,0,0,0
"佐藤　賢治",4,0,0,0,0,0,2,3,0,1,0,0,1,1,0,1,0,0,3,0,0,0,0,0,1,2,0,1,0,0,0,0,0,0,0,0,2,0,0,1,0,0,0,0,0,0,0,0,0,0,0,0,0,0
"大野　奨太",7,17,3,3,1,0,3,9,3,1,1,0,0,4,0,0,1,0,2,2,0,0,1,0,8,21,2,8,1,0,1,20,3,4,1,0,1,3,1,1,0,0,1,10,1,3,0,0,1,0,0,0,0,0
"淺間　大基",4,5,0,1,3,0,1,5,1,2,0,0,2,5,0,1,0,0,1,4,0,3,0,0,8,20,1,5,2,0,8,10,1,6,1,0,2,3,0,3,1,0,0,8,1,5,0,0,0,0,0,0,0,0
"鵜久森　淳志",0,0,0,0,0,0,0,0,0,0,0,0,0,0,0,0,0,0,0,0,0,0,0,0,0,0,0,0,0,0,0,0,0,0,0,0,0,0,0,0,0,0,0,0,0,0,0,0,0,0,0,0,0,0
"メンドーサ",1,0,0,0,0,0,0,0,0,0,0,0,0,0,0,0,0,0,0,0,0,0,0,0,0,0,0,0,0,0,2,2,0,0,0,0,0,0,0,0,0,0,0,0,0,0,0,0,0,0,0,0,0,0
"浦野　博司",0,0,0,0,0,0,3,0,0,0,0,0,0,0,0,0,0,0,0,0,0,0,0,0,0,0,0,0,0,0,0,0,0,0,0,0,0,0,0,0,0,0,0,0,0,0,0,0,0,0,0,0,0,0
"ガラテ",0,0,0,0,0,0,0,1,0,0,0,0,0,0,0,0,0,0,0,0,0,0,0,0,0,0,0,0,0,0,0,0,0,0,0,0,0,0,0,0,0,0,0,0,0,0,0,0,0,0,0,0,0,0
"渡邉　諒",0,1,0,0,0,0,0,0,0,0,0,0,0,1,0,0,0,0,1,2,0,0,0,0,0,0,0,0,0,0,1,2,0,1,0,0,1,0,0,1,0,0,1,0,0,0,0,0,0,0,0,0,0,0
"上沢　直之",0,0,0,0,0,0,0,0,0,0,0,0,0,0,0,0,0,0,0,0,0,0,0,0,0,0,0,0,0,0,3,1,0,0,0,0,0,0,0,0,0,0,0,0,0,0,0,0,0,0,0,0,0,0
"吉川　光夫",0,0,0,0,0,0,0,0,0,0,0,0,0,0,0,0,0,0,0,0,0,0,0,0,0,0,0,0,0,0,0,2,0,0,0,0,0,0,0,0,0,0,0,0,0,0,0,0,0,0,0,0,0,0
"有原　航平",0,0,0,0,0,0,0,0,0,0,0,0,0,0,0,0,0,0,0,0,0,0,0,0,0,0,0,0,0,0,1,0,0,0,0,0,0,0,0,0,0,0,0,0,0,0,0,0,0,0,0,0,0,0
"市川　友也",7,8,1,2,0,1,2,2,1,0,0,0,1,9,0,0,0,0,3,4,0,3,4,0,2,14,1,1,0,0,2,1,1,3,1,0,5,4,1,1,0,1,3,2,0,3,0,0,1,1,0,0,0,0
"髙濱　祐仁",0,0,0,0,0,0,0,0,0,0,0,0,0,0,0,0,0,0,0,0,0,0,0,0,0,2,0,0,0,0,0,0,0,0,0,0,0,0,0,0,0,0,0,0,0,0,0,0,0,0,0,0,0,0
"清水　優心",0,0,0,0,0,0,0,0,0,0,0,0,0,0,0,0,0,0,0,0,0,0,0,0,1,1,0,0,0,0,0,0,0,0,0,0,0,0,0,0,0,0,0,0,0,0,0,0,0,0,0,0,0,0
"荻野　貴司",7,19,5,9,0,1,3,13,3,8,1,0,3,10,1,2,0,0,1,5,0,2,1,0,6,33,3,9,1,0,5,41,2,14,5,0,1,4,0,4,0,0,5,16,2,4,1,1,2,10,0,0,0,0
"鈴木　大地",15,38,8,16,7,0,4,25,6,7,2,1,4,23,2,4,1,0,1,13,0,4,2,1,11,51,6,17,9,0,11,64,11,21,2,1,4,8,5,1,0,1,0,31,3,12,1,0,3,10,0,3,2,0
"角中　勝也",17,31,6,9,6,1,5,15,2,10,3,0,5,17,5,8,1,0,3,5,1,8,0,1,3,54,11,13,3,1,8,52,11,24,5,0,1,14,4,0,1,2,7,29,2,12,0,1,2,8,0,3,2,0
"今江　敏晃",10,21,0,12,2,1,5,26,1,7,3,0,2,15,2,9,3,0,2,8,0,2,0,0,3,35,5,14,5,0,8,52,2,17,3,0,2,13,2,3,0,0,0,21,1,8,2,0,0,8,1,4,0,0
"井口　資仁",17,12,4,10,3,1,7,4,2,2,1,0,5,3,0,0,1,0,0,7,1,0,0,0,6,21,1,3,4,1,13,34,4,10,6,0,3,6,0,2,0,0,5,8,3,0,1,2,3,3,3,1,2,0
"クルーズ",13,49,2,14,2,2,6,26,1,6,2,1,8,29,1,4,0,0,2,12,3,4,1,0,8,57,4,20,4,2,12,62,5,19,7,5,5,10,3,5,2,0,5,28,2,3,1,3,1,7,0,4,0,0
"根元　俊一",12,7,4,0,0,0,9,8,4,7,2,0,3,5,3,2,0,0,0,2,0,2,1,0,5,22,2,10,0,0,4,25,2,5,2,1,3,3,1,2,0,0,1,1,3,1,0,0,0,4,0,1,0,0
"田村　龍弘",9,30,3,8,2,0,10,17,4,4,1,0,4,8,3,2,0,0,3,4,1,1,0,1,9,36,3,9,1,0,15,39,5,7,2,0,0,8,3,1,0,0,11,12,1,3,2,1,2,7,3,0,0,0
"岡田　幸文",7,14,1,5,1,0,3,16,2,4,0,0,1,12,0,1,0,0,0,2,0,1,0,0,4,30,1,9,1,0,1,18,0,7,1,0,1,10,0,2,1,0,1,7,1,3,0,0,0,1,0,1,0,0
"肘井　竜蔵",3,1,0,0,0,0,0,3,0,0,0,0,0,0,0,0,0,0,0,0,0,0,0,0,0,2,0,0,0,0,0,2,0,0,0,0,0,0,0,0,0,0,0,0,0,0,0,0,0,1,0,0,1,0
"サブロー",3,6,3,2,0,0,1,0,0,0,0,0,1,0,0,1,0,0,0,2,0,1,0,0,1,1,0,0,0,0,3,7,1,1,1,1,0,0,0,0,0,0,2,1,0,1,0,0,0,0,0,0,0,0
"吉田　裕太",4,6,2,3,0,0,1,2,0,2,0,0,4,5,0,3,0,0,2,0,0,1,0,0,3,13,2,2,0,1,2,14,2,6,0,0,2,4,1,1,0,0,2,3,0,1,1,0,0,2,1,0,0,0
"清田　育宏",22,39,8,12,2,1,6,14,9,6,5,1,6,15,7,5,1,1,4,16,2,1,0,1,10,44,4,17,7,1,18,47,13,29,5,5,2,14,0,7,6,1,10,19,3,9,9,3,3,9,1,6,1,0
"大嶺　翔太",2,2,0,0,0,0,0,0,0,0,0,0,1,0,0,0,0,0,1,0,0,0,0,0,1,3,0,1,0,0,0,3,1,1,0,0,0,0,0,0,0,0,0,4,0,0,0,0,0,0,0,0,0,0
"福浦　和也",7,14,4,1,0,0,4,11,1,3,0,0,5,8,0,4,2,0,0,5,3,2,0,0,7,15,4,7,0,2,2,9,1,4,0,0,1,5,0,4,0,0,4,10,2,8,0,0,1,3,1,2,1,0
"中村　奨吾",13,21,3,8,1,0,8,7,0,2,0,1,2,5,1,6,0,0,5,6,1,2,1,0,12,22,1,9,2,0,11,24,5,16,2,4,4,10,2,0,1,0,3,15,0,4,0,0,5,10,0,0,0,0
"デスパイネ",16,30,5,7,1,4,12,7,4,3,4,3,5,13,3,7,1,0,2,11,2,2,0,0,14,26,12,10,6,2,12,34,5,13,1,2,4,9,4,5,1,1,9,14,8,3,2,2,1,10,1,1,0,0
"加藤　翔平",3,7,1,1,0,0,2,3,1,0,0,0,0,2,0,2,0,0,0,2,0,1,0,0,2,6,1,2,1,0,2,6,0,1,0,0,0,0,0,1,0,0,2,4,0,1,0,0,0,1,0,2,0,0
"細谷　圭",0,0,1,0,0,0,0,0,0,0,0,0,0,0,0,0,0,0,0,1,0,0,0,0,0,1,0,1,0,0,0,0,1,0,0,0,0,0,0,0,0,0,0,0,0,1,0,0,0,0,0,0,0,0
"涌井　秀章",0,0,0,0,0,0,0,0,0,0,0,0,0,0,0,0,0,0,0,0,0,0,0,0,0,0,0,0,0,0,4,1,0,1,0,0,0,0,0,0,0,0,0,0,0,0,0,0,0,0,0,0,0,0
"イ・デウン",1,0,0,0,0,0,2,0,0,0,0,0,0,0,0,0,0,0,0,0,0,0,0,0,0,0,0,0,0,0,0,0,0,0,0,0,0,0,0,0,0,0,0,0,0,0,0,0,0,0,0,0,0,0
"唐川　侑己",0,0,0,0,0,0,0,0,0,0,0,0,0,0,0,0,0,0,0,0,0,0,0,0,0,0,0,0,0,0,1,0,0,0,0,0,0,0,0,0,0,0,0,0,0,0,0,0,0,0,0,0,0,0
"益田　直也",0,0,0,0,0,0,0,0,0,0,0,0,0,0,0,0,0,0,0,0,0,0,0,0,0,0,0,0,0,0,0,0,0,0,0,0,0,0,0,0,0,0,0,0,0,0,0,0,0,0,0,0,0,0
"ハフマン",1,1,0,0,0,0,0,2,1,0,0,0,0,1,0,0,0,0,1,0,0,0,0,0,0,0,0,0,0,0,1,1,1,0,0,0,0,1,0,0,0,0,0,0,0,0,0,0,0,0,0,0,0,0
"植松　優友",0,0,0,0,0,0,0,0,0,0,0,0,0,0,0,0,0,0,0,0,0,0,0,0,0,0,0,0,0,0,0,0,0,0,0,0,0,0,0,0,0,0,0,0,0,0,0,0,0,0,0,0,0,0
"青松　敬鎔",1,1,0,0,0,0,0,0,0,0,0,0,0,1,0,0,0,0,3,0,0,0,0,0,1,1,0,0,0,0,1,4,0,1,1,1,0,0,0,0,0,0,0,0,0,0,0,0,0,1,0,0,0,0
"石川　歩",0,0,0,0,0,0,0,0,0,0,0,0,1,0,0,0,0,0,0,0,0,0,0,0,0,0,0,0,0,0,2,0,0,0,0,0,0,0,0,0,0,0,0,0,0,0,0,0,0,0,0,0,0,0
"大嶺　祐太",0,0,0,0,0,0,0,0,0,0,0,0,0,0,0,0,0,0,0,0,0,0,0,0,0,0,0,0,0,0,1,0,0,0,0,0,0,0,0,0,0,0,0,0,0,0,0,0,0,0,0,0,0,0
"三木　亮",2,1,0,0,0,1,1,2,0,1,0,0,0,1,0,0,0,0,2,1,0,0,0,0,0,3,0,1,0,0,0,4,0,1,0,0,0,2,0,0,0,0,0,0,0,0,0,0,0,1,0,0,0,0
"江村　直也",1,3,0,0,0,0,0,0,0,0,0,0,1,0,0,0,0,0,0,0,0,0,0,0,0,1,0,0,0,0,0,0,0,0,0,0,0,0,0,0,0,0,0,0,0,0,0,0,0,0,0,0,0,0
"伊志嶺　翔大",4,7,1,4,0,0,1,1,0,2,0,0,1,5,0,0,0,0,0,0,0,0,0,0,2,8,0,3,0,0,0,18,2,4,1,0,0,1,0,0,0,0,0,2,0,3,0,0,0,6,1,0,1,0
"大松　尚逸",5,4,0,1,0,0,0,1,0,1,0,0,2,1,0,0,0,0,0,0,0,1,0,0,2,10,0,3,1,0,2,6,2,2,0,0,0,1,0,0,1,0,1,1,0,0,0,0,0,0,0,0,0,0
"井上　晴哉",0,1,0,0,0,0,0,0,1,0,0,0,1,1,0,1,0,0,0,1,0,0,0,0,0,3,0,0,0,0,0,0,0,0,0,0,0,2,0,0,0,0,0,0,0,0,0,0,0,0,0,1,0,0
"髙濱　卓也",4,3,1,1,0,0,2,1,0,0,0,0,0,2,0,1,0,0,0,2,0,2,0,0,0,2,0,2,0,0,2,4,0,1,0,0,1,1,0,1,0,0,0,0,0,1,0,0,0,0,0,0,0,0
"平野　恵一",0,5,1,5,0,0,2,8,4,2,0,0,1,2,1,0,1,0,1,6,0,2,0,0,1,13,2,3,0,0,0,15,2,5,1,0,1,1,0,1,0,0,2,9,1,2,0,0,0,0,0,0,0,0
"安達　了一",14,45,6,9,1,2,8,28,5,12,2,0,2,9,2,3,2,0,8,21,4,11,1,0,8,57,5,13,4,1,11,46,5,15,3,2,5,17,5,3,2,2,3,34,6,11,1,2,2,10,1,2,0,1
"糸井　嘉男",15,50,10,10,2,2,7,33,7,6,5,2,3,5,3,3,2,2,9,17,6,6,1,1,14,40,6,12,3,1,8,45,10,18,2,3,2,15,6,5,1,1,6,33,10,9,2,0,2,4,2,4,2,1
"中島　裕之",21,32,13,5,1,1,18,22,7,5,1,3,3,14,0,2,0,0,2,20,2,10,0,0,11,36,8,11,4,1,12,30,7,13,3,1,3,16,1,3,1,1,12,22,5,10,4,1,1,3,3,1,3,0
"ブランコ",14,5,0,1,0,1,4,5,2,2,0,1,3,2,0,1,0,0,2,7,1,1,0,0,11,10,4,5,0,3,8,15,5,1,1,1,2,7,1,1,0,0,5,9,4,3,0,2,2,6,0,1,0,0
"Ｔ－岡田",18,24,2,12,4,3,12,23,1,5,0,2,2,7,0,2,0,0,4,17,3,3,2,0,8,28,1,13,3,2,11,32,0,16,3,1,4,9,1,5,2,0,6,27,2,5,0,1,2,2,1,6,0,1
"小谷野　栄一",8,20,5,7,1,0,4,9,1,4,1,0,0,5,0,0,0,1,0,6,0,1,0,0,4,14,0,8,0,1,3,20,3,8,1,0,2,3,0,0,1,0,0,19,3,3,4,1,0,1,0,0,0,0
"駿太",14,28,3,6,0,0,11,14,2,7,0,0,6,8,0,1,1,0,6,22,3,9,1,1,6,28,4,16,2,0,3,24,3,9,1,1,4,10,2,0,0,0,4,16,1,2,1,0,1,8,1,4,0,0
"伊藤　光",10,16,2,8,0,0,11,12,3,6,0,0,3,4,0,4,0,0,2,13,5,7,2,0,5,21,4,7,2,0,6,23,4,9,3,0,2,4,3,2,1,0,6,13,2,3,0,0,1,3,1,3,0,0
"ヘルマン",11,11,1,7,0,0,7,11,3,5,0,0,2,5,1,1,1,0,6,13,2,7,1,0,1,18,5,7,1,0,4,19,6,2,1,1,1,11,3,6,1,0,4,8,0,7,2,0,1,7,0,0,1,0
"田中　大輔",1,0,0,0,0,0,0,0,0,0,0,0,0,0,0,0,0,0,0,0,0,0,0,0,0,0,0,0,0,0,0,0,0,0,0,0,0,0,0,0,0,0,0,0,0,0,0,0,0,0,0,0,0,0
"坂口　智隆",5,3,3,2,0,0,1,7,1,2,2,0,1,3,0,1,0,0,0,5,0,5,0,0,1,13,1,1,0,1,2,11,0,2,2,0,0,2,2,0,1,0,4,6,2,0,1,0,0,0,0,0,0,0
"中村　一生",1,2,0,0,0,0,0,1,0,0,0,0,0,0,0,0,0,0,0,0,0,0,0,0,1,1,0,0,1,0,1,3,0,2,0,0,0,5,0,0,0,0,1,3,0,1,1,0,0,0,0,0,0,0
"山崎　勝己",4,6,1,3,0,0,2,8,2,6,0,0,0,2,0,0,0,0,1,7,0,3,0,0,7,11,0,4,0,0,5,18,0,3,4,0,2,5,2,1,0,0,4,12,3,1,0,0,0,4,0,1,0,0
"原　拓也",5,5,1,1,1,0,6,8,1,2,0,0,4,2,0,3,0,0,3,9,0,3,0,0,4,12,3,3,0,2,3,17,2,1,0,0,1,2,0,1,0,0,3,7,0,3,0,0,0,6,0,0,0,0
"西野　真弘",9,6,3,4,1,0,4,15,2,4,0,1,2,2,1,1,1,0,1,7,0,8,0,0,3,16,3,1,3,0,6,22,2,12,0,1,0,8,0,5,0,0,0,12,1,5,2,1,0,5,1,1,0,0
"竹原　直隆",6,2,3,1,0,0,0,3,0,0,0,0,1,0,0,0,0,0,0,2,0,0,1,0,1,7,0,1,2,1,1,10,2,1,1,0,1,1,2,1,0,0,1,8,0,3,1,1,0,2,0,1,0,0
"カラバイヨ",12,9,1,2,0,0,8,6,4,5,2,1,5,5,2,1,0,0,8,11,0,2,0,0,7,11,2,3,1,4,10,24,3,6,4,2,3,5,2,3,0,0,3,16,3,3,0,1,1,4,0,1,0,0
"川端　崇義",7,14,0,5,0,0,1,9,0,3,1,0,1,3,0,2,0,0,0,6,1,2,0,0,2,7,0,1,0,0,1,15,0,6,1,0,0,5,1,0,0,0,1,9,1,3,1,0,1,5,1,1,1,0
"小島　脩平",2,3,1,0,0,0,0,3,1,0,0,0,1,0,0,0,1,0,0,0,0,0,0,0,2,4,0,5,1,0,2,8,1,0,0,0,1,2,0,0,0,0,1,5,0,1,0,0,1,1,0,0,0,0
"縞田　拓弥",8,12,2,2,2,0,1,8,1,4,1,0,1,2,0,0,0,0,5,9,1,1,2,0,3,5,1,1,2,1,5,14,1,6,2,0,1,10,1,2,1,0,2,0,0,0,0,0,0,2,0,0,0,0
"山本　和作",0,2,0,0,0,0,0,0,0,0,0,0,0,0,0,0,0,0,0,0,0,0,0,0,0,0,0,0,0,0,2,0,0,0,0,0,0,1,0,0,0,0,1,0,0,0,0,0,0,0,0,0,0,0
"伏見　寅威",2,1,0,2,0,0,0,0,0,0,0,0,0,1,0,0,0,0,0,0,0,0,0,0,1,4,1,1,0,0,1,1,0,0,0,0,1,0,0,2,0,0,0,0,0,0,0,0,0,0,0,0,0,0
"鉄平",0,2,0,1,0,0,0,3,0,0,1,0,1,2,0,0,0,0,1,2,0,0,0,0,0,5,0,1,0,0,0,1,0,0,0,0,0,0,0,0,0,0,0,0,0,0,0,0,0,0,0,0,0,0
"吉田　一将",0,0,0,0,0,0,0,0,0,0,0,0,0,0,0,0,0,0,0,0,0,0,0,0,1,0,0,0,0,0,0,0,0,0,0,0,0,0,0,0,0,0,0,0,0,0,0,0,0,0,0,0,0,0
"松葉　貴大",0,0,0,0,0,0,1,1,0,0,0,0,0,0,0,0,0,0,0,0,0,0,0,0,1,0,0,0,0,0,0,0,0,0,0,0,0,0,0,0,0,0,0,0,0,0,0,0,0,0,0,0,0,0
"東明　大貴",0,0,0,0,0,0,0,0,0,0,0,0,0,0,0,0,0,0,0,0,0,0,0,0,0,0,0,0,0,0,1,0,0,1,0,0,0,0,0,0,0,0,0,0,0,0,0,0,2,0,0,0,0,0
"ディクソン",0,0,0,0,0,0,0,0,0,0,0,0,0,0,0,0,0,0,1,2,0,1,0,0,0,0,0,0,0,0,0,0,0,0,0,0,0,0,0,0,0,0,0,0,0,0,0,0,0,0,0,0,0,0
"堤　裕貴",0,0,0,0,0,0,0,0,0,0,0,0,0,0,0,0,0,0,0,0,0,0,0,0,0,0,0,0,0,0,2,0,0,0,0,0,0,0,0,0,0,0,0,0,0,0,0,0,0,0,0,0,0,0
"山﨑　福也",0,0,0,0,0,0,0,0,0,0,0,0,0,0,0,0,0,0,0,0,0,0,0,0,0,0,0,0,0,0,0,0,0,0,0,0,0,0,0,0,0,0,0,0,0,0,0,0,0,0,0,0,0,0
"金子　千尋",0,0,0,0,0,0,0,0,0,0,0,0,0,0,0,0,0,0,0,0,0,0,0,0,0,0,0,0,0,0,0,0,0,0,0,0,2,0,0,0,0,0,0,0,0,0,0,0,0,0,0,0,0,0
"西　勇輝",0,0,0,0,0,0,0,0,0,0,0,0,0,0,0,0,0,0,0,0,0,0,0,0,0,0,0,0,0,0,0,2,0,0,0,0,0,0,0,0,0,0,0,0,0,0,0,0,0,0,0,0,0,0
"宮﨑　祐樹",6,15,2,6,0,0,4,5,0,6,0,0,1,3,0,1,1,0,0,4,0,1,1,0,5,9,4,3,0,0,5,7,0,5,1,0,1,6,2,1,1,0,0,13,2,2,0,0,1,0,1,0,0,0
"谷　佳知",0,6,0,1,1,0,0,0,0,1,0,0,0,1,0,0,0,0,0,0,0,0,0,0,0,6,1,1,0,0,2,3,1,0,0,0,0,0,0,0,0,0,0,0,0,0,0,0,0,0,0,0,0,0
"岩﨑　恭平",5,12,1,1,0,1,2,6,2,3,0,0,1,4,1,1,0,0,3,5,1,2,0,0,0,9,2,4,1,1,5,6,0,4,0,1,1,0,0,2,0,0,3,1,1,4,0,0,0,0,0,0,0,0
"小田　裕也",2,2,0,2,0,0,2,7,1,2,0,1,2,1,0,0,0,0,2,5,1,1,0,0,7,4,0,6,3,0,4,6,0,4,0,0,0,1,0,0,0,0,1,3,0,5,2,0,2,3,0,1,0,1
"武田　健吾",1,1,0,1,0,0,0,3,0,0,0,0,0,0,0,0,0,0,0,0,0,0,0,0,0,0,0,0,0,0,1,1,1,0,0,0,0,0,0,0,0,0,1,0,0,0,0,0,1,1,0,0,0,0
"若月　健矢",1,1,0,0,0,0,0,0,0,0,0,0,0,0,0,0,0,0,0,1,0,0,0,0,0,0,0,0,0,0,0,2,0,1,0,0,0,0,0,0,0,0,0,2,0,0,0,0,1,1,0,0,0,0
"本多　雄一",3,6,3,2,0,0,6,8,1,5,2,0,6,4,0,2,1,0,1,7,2,2,1,0,8,31,2,7,1,0,2,9,1,4,1,0,0,2,0,1,1,0,5,11,0,5,0,0,0,0,0,0,0,0
"中村　晃",7,35,7,12,3,0,6,17,8,7,2,0,4,10,4,5,0,0,3,19,5,4,0,0,5,78,15,33,9,0,7,49,11,25,2,0,1,8,1,6,0,0,4,43,3,12,4,0,2,7,1,2,2,0
"柳田　悠岐",19,18,7,8,6,4,8,14,6,4,1,2,5,11,6,6,1,2,9,17,5,7,1,0,21,64,18,31,9,7,13,34,19,21,6,9,4,5,3,3,0,0,9,24,14,12,4,4,1,5,3,4,1,1
"内川　聖一",11,30,7,11,3,0,9,18,1,9,3,0,5,20,1,6,0,1,4,18,3,8,1,0,15,75,12,27,7,3,3,66,11,25,5,2,0,10,0,4,0,1,3,37,2,10,4,1,1,8,2,2,1,1
"李　大浩",18,21,9,12,1,1,9,14,7,4,2,6,9,16,1,6,0,2,6,16,5,5,3,4,22,69,11,16,8,6,19,49,6,18,5,6,3,8,6,2,2,0,11,25,6,7,4,3,1,6,3,3,1,0
"長谷川　勇也",4,5,3,1,0,1,4,1,0,0,0,1,2,6,2,0,0,0,0,0,1,1,0,1,10,12,2,9,0,0,2,6,1,1,0,2,0,0,0,0,0,0,3,4,0,1,0,0,0,0,0,0,0,0
"松田　宣浩",19,30,4,11,3,5,16,6,6,10,0,1,11,10,1,6,2,1,8,18,5,6,0,1,26,64,15,22,6,8,26,48,8,12,2,8,5,7,2,1,3,0,6,25,7,12,2,4,1,6,2,1,2,2
"鶴岡　慎也",1,4,1,0,0,0,2,4,1,3,0,0,2,6,0,0,1,0,4,8,1,3,0,0,5,32,0,6,0,0,2,11,1,2,1,1,0,3,0,0,0,0,1,9,2,2,2,0,0,0,0,1,0,0
"今宮　健太",12,15,10,5,2,1,6,18,2,2,1,0,6,13,0,4,2,0,3,18,1,6,2,0,13,80,6,19,5,2,22,44,3,18,2,2,4,7,1,1,0,0,7,28,5,5,2,1,2,7,0,1,0,0
"明石　健志",9,23,5,11,2,0,8,10,0,5,0,0,5,15,0,5,0,0,6,11,2,8,1,0,16,49,7,17,2,1,5,33,6,10,4,2,1,4,3,0,1,0,4,20,2,7,2,0,1,2,0,2,0,0
"斐紹",0,0,0,0,0,0,1,1,1,0,0,0,0,1,1,0,0,0,0,0,0,0,0,0,0,0,0,0,0,0,0,1,0,0,0,0,0,0,0,0,0,0,0,0,1,0,0,0,0,0,0,0,0,0
"吉村　裕基",9,13,1,4,1,0,4,3,2,2,2,0,4,3,1,2,0,0,0,5,0,1,0,1,6,11,4,0,2,0,5,14,3,7,1,1,1,1,1,1,0,0,2,6,2,0,0,0,1,0,0,1,0,0
"髙田　知季",9,10,1,4,0,0,2,2,1,0,1,0,3,6,3,2,0,0,2,7,0,3,0,0,9,19,1,8,0,0,6,15,2,6,2,0,2,2,1,2,0,0,3,6,1,2,0,0,3,0,1,1,0,1
"髙谷　裕亮",5,9,2,1,0,0,3,6,0,0,0,0,2,5,0,2,0,0,2,4,0,0,1,0,8,27,3,2,2,0,5,22,1,10,0,0,1,3,0,2,0,0,0,12,2,1,2,1,1,7,0,0,1,0
"牧原　大成",0,1,0,0,0,0,0,2,0,0,0,0,0,1,0,0,0,0,2,5,0,1,0,0,0,7,0,2,1,0,0,9,0,0,0,0,0,0,0,0,0,0,1,3,0,0,0,0,0,1,0,0,0,0
"塚田　正義",0,0,0,1,0,0,0,1,0,0,0,0,0,0,0,0,0,0,0,0,0,0,0,0,1,4,0,0,0,0,0,0,0,0,0,1,1,1,0,0,0,0,0,2,0,0,0,0,0,0,0,0,0,0
"金子　圭輔",0,1,0,1,0,0,0,0,0,0,0,0,0,0,0,0,0,0,0,0,0,0,0,0,0,0,0,1,0,0,0,0,0,0,0,0,0,0,0,0,0,0,0,0,0,0,0,0,1,0,0,0,0,0
"細山田　武史",0,0,0,0,0,0,0,0,0,0,0,0,0,0,0,0,0,0,0,0,0,0,0,0,0,0,0,0,0,0,0,2,1,0,0,0,0,0,0,0,0,0,0,0,0,0,0,0,0,0,0,0,0,0
"川島　慶三",5,9,1,4,1,0,0,2,0,0,0,0,2,5,0,1,0,0,0,4,1,0,2,0,6,15,5,5,1,0,4,16,5,9,3,0,5,2,0,1,1,0,1,9,0,8,1,1,0,0,1,1,0,0
"江川　智晃",2,2,0,0,0,1,1,0,1,1,0,0,0,2,0,0,0,0,0,0,0,0,0,0,5,3,1,1,1,0,1,5,0,1,0,0,0,2,0,0,0,0,0,0,0,0,1,0,0,0,0,0,0,0
"福田　秀平",4,14,3,5,0,1,1,5,1,0,0,0,5,5,1,0,1,0,1,5,0,0,0,0,6,16,2,6,8,0,2,19,3,6,2,0,0,3,0,1,0,0,6,14,0,3,0,0,1,2,1,2,1,0
"上林　誠知",3,1,0,1,0,0,2,1,0,2,0,1,0,0,0,0,0,0,1,1,0,0,0,0,0,2,0,0,0,0,5,6,0,3,1,0,0,0,0,0,0,0,0,0,0,0,0,0,0,0,0,0,0,0
"大隣　憲司",0,0,0,0,0,0,0,0,0,0,0,0,0,0,0,0,0,0,0,0,0,0,0,0,2,0,0,0,0,0,0,0,0,0,0,0,2,0,0,0,0,0,0,0,0,0,0,0,0,0,0,0,0,0
"中田　賢一",1,0,0,0,0,0,0,0,0,0,0,0,0,0,0,0,0,0,0,0,0,0,0,0,2,0,0,0,0,0,0,0,0,0,0,0,0,0,0,0,0,0,0,0,0,1,0,0,1,0,0,1,1,0
"武田　翔太",1,1,0,0,0,0,0,0,0,1,0,0,0,0,0,0,0,0,0,0,0,0,0,0,0,0,0,0,0,0,2,0,0,0,0,0,0,0,0,0,0,0,0,0,0,0,0,0,0,0,0,0,0,0
"細川　亨",3,4,2,0,0,0,2,1,0,0,0,0,0,1,0,0,0,0,3,6,1,1,1,0,9,14,1,3,0,0,10,10,4,0,2,0,1,2,0,0,0,0,4,4,1,1,2,0,0,2,0,0,0,0
"攝津　正",0,0,0,0,0,0,0,0,0,0,0,0,0,0,0,0,0,0,0,0,0,0,0,0,0,0,0,0,0,0,0,1,0,0,0,0,0,0,0,0,0,0,0,0,0,0,0,0,0,0,0,0,0,0
"二保　旭",1,0,0,0,0,0,0,0,0,0,0,0,0,0,0,0,0,0,0,0,0,0,0,0,0,0,0,0,0,0,0,0,0,0,0,0,0,0,0,0,0,0,0,0,0,0,0,0,0,0,0,0,0,0
"スタンリッジ",0,0,0,0,0,0,0,0,0,0,0,0,0,0,0,0,0,0,1,0,0,0,0,0,0,0,0,0,0,0,0,0,0,0,0,0,0,0,0,0,0,0,2,0,0,0,0,0,0,0,0,0,0,0
"寺原　隼人",0,0,0,0,0,0,0,0,0,0,0,0,0,0,0,0,0,0,0,0,0,0,0,0,0,0,0,0,0,0,0,0,0,0,0,0,0,0,0,0,0,0,0,0,0,0,0,0,1,1,0,1,0,0
"猪本　健太郎",1,0,0,0,0,0,0,0,0,0,0,0,0,0,0,0,0,0,0,0,0,0,0,0,0,0,0,0,0,0,0,0,0,0,0,0,0,0,0,0,0,0,0,0,0,0,0,0,0,1,0,0,0,0
"カニザレス",0,1,0,1,0,0,1,0,0,0,0,0,1,0,0,0,0,0,0,1,0,0,0,0,1,2,2,4,0,1,0,2,0,2,1,0,0,0,0,0,0,0,2,6,1,1,0,0,0,0,0,0,0,0
"松中　信彦",2,0,0,1,0,0,3,0,0,0,0,0,0,1,0,0,0,0,1,1,0,0,0,0,1,1,0,0,0,0,0,1,0,0,0,0,0,0,0,0,0,0,0,0,0,0,0,0,0,0,0,0,0,0
"聖澤　諒",13,20,3,8,1,0,5,14,4,3,0,0,6,6,0,3,3,0,8,10,0,3,2,0,13,28,8,15,3,0,10,16,0,4,0,0,2,8,1,1,0,0,6,11,3,6,3,0,2,1,0,0,2,0
"ウィーラー",10,16,4,7,3,2,10,16,1,9,0,3,6,5,1,5,1,0,3,22,1,6,0,0,9,30,5,9,3,3,4,10,8,2,0,1,3,7,2,1,1,0,8,11,2,1,2,2,2,4,0,0,1,0
"銀次",4,28,5,10,0,0,5,22,3,9,3,1,0,7,0,4,1,0,1,19,2,7,1,0,2,46,4,17,4,0,3,19,5,8,1,0,0,5,5,2,0,0,0,26,1,12,0,0,0,4,0,2,0,0
"ペーニャ",22,24,8,10,3,0,17,13,10,5,1,1,7,12,2,5,0,0,4,26,2,7,3,1,19,40,17,17,4,5,10,25,5,5,5,3,5,7,3,3,2,2,9,16,7,8,0,0,6,2,3,1,0,2
"サンチェス",11,16,4,5,3,0,6,12,0,2,1,2,1,4,0,1,1,0,5,9,4,1,2,1,5,20,6,9,3,2,5,19,3,1,0,0,1,4,0,1,0,0,4,12,3,1,1,0,0,2,0,0,0,0
"松井　稼頭央",15,41,9,13,3,1,11,28,6,8,2,3,5,15,3,6,1,0,9,25,3,6,0,1,10,50,10,24,1,2,10,34,2,10,4,1,7,6,1,4,0,0,4,16,1,4,4,1,4,14,1,0,0,0
"後藤　光尊",14,31,0,8,1,1,7,20,2,10,2,0,3,13,0,2,0,0,6,23,0,9,1,0,3,59,3,20,2,2,3,45,2,6,5,2,2,8,2,4,1,1,4,22,1,3,3,2,3,8,1,1,1,1
"嶋　基宏",15,27,9,8,1,0,9,19,5,10,0,0,4,14,2,1,0,0,4,14,3,0,0,0,14,49,7,15,0,2,5,20,10,9,2,1,1,15,2,3,0,0,10,10,2,2,1,1,1,7,4,2,1,0
"藤田　一也",8,38,5,5,0,1,4,24,1,9,0,0,2,12,0,4,0,1,4,18,2,7,4,0,4,50,5,16,6,0,3,41,6,7,1,1,0,12,1,9,1,0,2,25,2,11,1,1,1,8,1,4,2,0
"岡島　豪郎",2,8,2,2,2,0,4,8,3,5,1,0,0,1,0,2,1,0,0,9,0,0,0,0,4,24,3,3,1,1,0,8,0,2,1,0,0,4,0,0,0,0,2,17,1,1,1,0,1,2,0,0,0,0
"福田　将儀",13,6,1,6,0,0,9,6,1,1,1,0,0,4,1,0,0,0,2,11,3,0,0,0,4,14,4,8,1,0,4,17,1,7,1,1,1,4,0,0,0,0,5,15,0,2,1,0,1,5,1,1,0,0
"牧田　明久",3,9,1,4,3,0,3,7,2,5,1,0,2,6,0,2,1,0,0,5,2,4,0,1,1,23,4,7,0,0,2,12,1,5,0,0,0,6,1,3,0,0,2,3,1,1,0,0,0,4,1,1,0,0
"山﨑　浩司",3,7,0,0,0,0,1,6,0,3,1,0,0,3,0,0,0,0,0,1,0,0,0,0,4,12,0,3,0,0,1,13,0,1,0,0,1,0,0,1,0,0,0,2,0,1,0,0,0,2,0,0,0,0
"伊志嶺　忠",8,3,2,0,2,0,4,5,2,4,1,0,0,8,1,1,1,0,8,8,0,3,0,0,7,10,2,3,1,1,2,8,2,2,0,0,2,4,0,2,0,0,2,8,2,4,0,1,1,6,0,2,0,0
"阿部　俊人",5,6,1,1,0,0,1,7,0,0,0,0,0,4,0,5,0,0,2,4,0,0,0,0,5,24,0,3,2,0,1,5,0,0,0,0,3,2,0,2,0,0,1,5,1,1,1,0,1,0,0,1,0,0
"森山　周",0,0,0,0,0,0,1,0,0,0,1,0,2,0,0,0,0,0,0,0,0,0,0,0,1,1,1,0,0,0,0,5,0,1,0,0,0,0,0,0,0,0,0,0,0,0,0,0,0,0,0,0,0,0
"小関　翔太",4,5,1,0,0,0,1,2,0,1,0,1,0,3,0,0,0,0,1,3,0,3,0,0,4,16,0,3,1,0,0,5,2,0,0,0,0,2,0,0,0,0,2,6,0,1,0,0,0,0,0,0,0,0
"榎本　葵",2,0,0,0,0,0,0,0,0,0,0,0,0,0,0,0,0,0,0,0,0,0,0,0,1,1,0,0,0,0,2,5,0,0,0,0,0,0,0,0,0,0,0,1,1,1,0,0,0,3,0,0,0,0
"フェルナンド",2,6,1,1,0,0,2,2,0,1,0,0,2,2,0,2,0,0,3,1,0,2,0,0,8,8,1,1,1,0,3,6,1,2,1,0,1,6,2,1,0,0,2,2,0,0,0,0,0,0,0,0,0,0
"西田　哲朗",13,13,3,1,2,0,8,13,2,2,1,0,1,3,0,4,1,0,0,9,0,3,1,0,4,19,4,9,2,1,3,10,0,1,0,0,2,3,0,1,0,0,3,2,0,5,0,0,2,5,0,0,0,0
"枡田　慎太郎",6,6,4,3,0,1,1,2,0,1,0,0,0,0,0,0,0,0,0,3,1,2,0,0,3,5,1,3,0,0,7,7,1,2,1,0,0,1,0,0,0,0,3,6,3,1,2,0,2,3,0,0,0,0
"中川　大志",13,7,1,1,1,0,7,8,2,1,1,0,5,4,2,1,0,0,11,7,0,1,0,1,11,21,1,2,2,1,6,18,3,5,0,2,0,1,1,4,0,1,2,3,0,5,0,0,2,4,1,1,1,0
"岩﨑　達郎",4,1,0,1,0,0,0,0,0,1,0,0,0,0,0,0,0,0,1,3,1,0,0,0,0,5,0,2,1,0,3,3,1,2,0,0,1,2,0,2,0,0,0,0,0,0,0,0,1,0,0,0,0,0
"西村　弥",0,0,0,0,0,0,0,0,0,0,0,0,0,0,0,0,0,0,0,0,0,0,0,0,0,0,0,1,0,0,0,0,0,0,0,0,0,0,0,0,0,0,0,0,0,0,0,0,0,0,0,0,0,0
"塩見　貴洋",0,0,0,0,0,0,0,0,0,0,0,0,0,0,0,0,0,0,0,0,0,0,0,0,0,0,0,0,0,0,1,3,0,0,0,0,0,0,0,0,0,0,0,0,0,0,0,0,0,0,0,0,0,0
"美馬　学",2,0,0,0,0,0,1,1,0,0,0,0,0,0,0,0,0,0,0,0,0,0,0,0,0,0,0,0,0,0,0,0,0,0,0,0,0,0,0,0,0,0,0,0,0,0,0,0,0,0,0,0,0,0
"菊池　保則",1,0,0,0,0,0,0,0,0,0,0,0,0,0,0,0,0,0,0,0,0,0,0,0,0,0,0,0,0,0,0,2,0,0,0,0,0,0,0,0,0,0,0,0,0,0,0,0,0,0,0,0,0,0
"辛島　航",0,0,0,0,0,0,0,0,0,0,0,0,0,0,0,0,0,0,0,0,0,0,0,0,0,0,0,0,0,0,1,1,0,0,0,0,0,0,0,0,0,0,0,0,0,0,0,0,0,0,0,0,0,0
"レイ",0,0,0,0,0,0,0,0,0,0,0,0,0,0,0,0,0,0,0,0,0,0,0,0,0,0,0,0,0,0,2,0,0,0,0,0,0,0,0,0,0,0,0,0,0,0,0,0,0,0,0,0,0,0
"則本　昂大",0,0,0,0,0,0,0,0,0,0,0,0,0,0,0,0,0,0,0,0,0,0,0,0,0,0,0,0,0,0,0,0,0,0,0,0,0,0,0,0,0,0,0,0,0,0,0,0,1,0,0,0,0,0
"三好　匠",1,2,0,0,0,0,2,2,0,0,0,0,1,1,0,1,0,0,1,4,0,1,0,0,4,3,0,1,1,0,0,0,0,0,0,0,0,1,1,0,0,0,0,0,0,0,0,0,0,0,0,0,0,0
"伊東　亮大",1,3,0,1,0,1,2,2,0,2,0,0,1,1,0,0,0,0,0,0,0,0,0,0,1,3,0,0,1,0,0,0,0,0,0,0,0,0,0,0,0,0,0,2,0,0,0,1,0,0,0,0,0,0
"島内　宏明",0,9,0,1,0,0,1,9,1,2,1,0,1,4,0,1,0,0,0,4,0,0,1,0,1,16,0,3,0,0,0,1,2,0,0,0,0,0,0,0,0,0,1,5,0,1,2,0,1,1,0,1,1,0
"小斉　祐輔",1,2,1,1,0,0,8,4,0,0,0,0,0,2,0,1,1,0,0,2,0,0,0,0,3,7,2,2,0,0,2,3,0,1,0,0,0,0,0,0,0,0,0,1,0,0,0,0,0,0,0,0,0,0
"小山　桂司",0,1,0,0,0,0,0,0,0,0,0,0,0,1,0,0,0,0,0,0,0,0,0,0,0,0,0,0,0,0,1,1,0,0,0,0,0,0,0,0,0,0,0,0,0,0,0,0,0,0,0,0,0,0
"北川　倫太郎",6,4,0,1,0,0,4,11,1,4,0,0,0,3,0,0,0,0,3,4,0,0,0,0,2,8,0,3,3,0,0,3,1,1,0,0,0,1,0,0,0,0,1,3,2,2,0,0,0,0,0,1,0,0
"ムリーロ",0,5,2,2,1,0,1,0,0,0,0,0,0,1,0,3,0,0,0,1,0,2,0,0,2,1,1,0,0,0,0,2,1,0,0,0,0,4,0,0,0,0,0,0,0,1,0,0,0,0,0,0,0,0
