"mode","seed","ncat","p11","p12","p13","p14","th10","th11","th12","th13","info","p21","p22","p23","p24","rmse_p","rmse_ii","rmse_iic","rmse_t","rmse_tt","th20","th21","th22","th23"
"P2G",1701,4,1,-1.60341369329408,-1.13879933211689,1.53491733548862,-1.10408124432629,-0.695566028383965,0.0738876451504209,1.08179396042948,0,0.7498,-0.7065,-1.8764,1.6843,0.00349690437509597,0.0350014102494222,0.0135867228875809,0.120648714525236,0.0356075445613845,-1.30190283262171,-0.642122892648182,0.104669505584769,0.958151828526254
"P2G",1701,4,1,-1.60341369329408,-1.13879933211689,1.53491733548862,-1.10408124432629,-0.695566028383965,0.0738876451504209,1.08179396042948,1,0.5428,-3.1644,0.1813,1.6208,0.0366304412639425,0.0385243635092186,0.0182098112668838,0.196190392850902,0.208443398715424,-1.08101065276251,-0.394313612098115,0.272867375490094,0.929858193117268
"P2G",1701,4,1,-1.60341369329408,-1.13879933211689,1.53491733548862,-1.10408124432629,-0.695566028383965,0.0738876451504209,1.08179396042948,2,0.7202,-1.4898,-1.3627,1.5853,0.00883944726215827,0.0196195995840944,0.00848847370731506,0.140730768800071,0.0365746072708651,-1.33355047809719,-0.642737743907495,0.108848738530453,0.931622850658731
"P2G",1701,4,1,-2.83194181435478,0.426470450826252,1.06254067784207,-1.44138470886033,-0.388670561133519,0.382791611838526,0.922869881315181,0,0.679,-3.4388,1.0922,0.3745,0.00237983826128476,0.0149074708022729,0.00814090888032654,0.120314150847317,0.0377786527256703,-1.21749262441549,-0.397803924289419,0.317997619194433,0.981968394782868
"P2G",1701,4,1,-2.83194181435478,0.426470450826252,1.06254067784207,-1.44138470886033,-0.388670561133519,0.382791611838526,0.922869881315181,1,0.6984,-2.9344,0.5447,1.027,0.0104648914129494,0.0061225716369905,0.00393161925414305,0.124454024945334,0.0333618947302326,-1.22637273169322,-0.411675118259589,0.329783702887062,1.03416237394201
"P2G",1701,4,1,-2.83194181435478,0.426470450826252,1.06254067784207,-1.44138470886033,-0.388670561133519,0.382791611838526,0.922869881315181,2,0.7113,-3.0856,0.4921,1.0445,0.0109171133033437,0.00644865939663728,0.00380544604091675,0.111301303957702,0.0424769957482615,-1.26490096789633,-0.431247946130182,0.32279118025475,1.03685463785174
"P2G",1701,4,1,0.0487127321259882,0.433460251207046,0.559424674667953,-0.548746150031392,0.126499674109948,0.261322390150579,0.749842774767895,0,0.4165,1.8614,1.6739,-2.5809,0.00263194727527159,0.00920617757563672,0.00641351029508206,0.112410164651439,0.128532378654601,-0.532047041552132,-0.0777969186564093,0.349779268186642,0.776368293726483
"P2G",1701,4,1,0.0487127321259882,0.433460251207046,0.559424674667953,-0.548746150031392,0.126499674109948,0.261322390150579,0.749842774767895,1,0.4019,2.1316,-1.24,0.1564,0.0158057480017667,0.0140836724139635,0.00789112041263916,0.129311935472959,0.147940071844618,-0.579912795597232,-0.123135981607138,0.319122337960873,0.765847532031034
"P2G",1701,4,1,0.0487127321259882,0.433460251207046,0.559424674667953,-0.548746150031392,0.126499674109948,0.261322390150579,0.749842774767895,2,0.433,0.9494,0.984,-1.0994,0.00934700405714045,0.00419805508889203,0.00398298309161693,0.12723706130752,0.143155592277361,-0.583620596355394,-0.107391065276606,0.343636986851632,0.795233096130971
"P2G",1701,4,1,-1.23928623843075,-0.0825501691750181,-0.0521993903231151,-0.983172855519029,-0.325725985312745,-0.0356353546434784,0.547646958738898,0,0.4816,-1.1428,4.0366,-4.5814,0.00399735414351278,0.019054565855071,0.00951892658761108,0.0800461616300014,0.0782202674622791,-0.902540197776467,-0.411225818153949,0.0694598845909299,0.575444364131211
"P2G",1701,4,1,-1.23928623843075,-0.0825501691750181,-0.0521993903231151,-0.983172855519029,-0.325725985312745,-0.0356353546434784,0.547646958738898,1,0.4447,-1.3876,-9.0646,8.4311,0.0857004369289864,0.0930384818620901,0.0298028475017366,0.343681528529488,0.245147378643617,-1.48333356398684,-0.748746852478679,0.00103967377766822,0.752623850477769
"P2G",1701,4,1,-1.23928623843075,-0.0825501691750181,-0.0521993903231151,-0.983172855519029,-0.325725985312745,-0.0356353546434784,0.547646958738898,2,0.4344,-1.3311,-1.3237,0.6313,0.0343975981106684,0.0408457090150849,0.0167880100920968,0.0929351432214422,0.103628997808701,-1.00512064217501,-0.488382994628488,0.0402567060807213,0.590648708502788
"P2G",1701,4,1,0.184562372258762,0.44474461218675,1.20006315865249,-0.506520684804994,0.165628107417398,0.418743919988183,0.969855153430576,0,0.4899,2.1341,-0.8019,0.6283,0.00263195733254693,0.0135711408983955,0.00782054075257443,0.085849690956661,0.0990650855457461,-0.512582457611141,0.00985073730623024,0.490681980038523,0.968352110748056
"P2G",1701,4,1,0.184562372258762,0.44474461218675,1.20006315865249,-0.506520684804994,0.165628107417398,0.418743919988183,0.969855153430576,1,0.592,0.3829,0.3857,1.9243,0.0189707408902307,0.00325135727044654,0.0098962431217661,0.18126760237659,0.143558474112435,-0.582259922030386,0.0553172800239575,0.641586078989227,1.2225768109146
"P2G",1701,4,1,0.184562372258762,0.44474461218675,1.20006315865249,-0.506520684804994,0.165628107417398,0.418743919988183,0.969855153430576,2,0.5233,0.7555,0.2921,1.0174,0.0115058877898728,0.0061097255353569,0.00458350804469127,0.107382726022005,0.111251381002817,-0.556737286928603,0.0113124050665839,0.534144411031665,1.05030316731361
"P2G",1701,4,1,0.127933243076426,0.593024107472919,0.849890952080784,-0.523968690676856,0.188303219681142,0.377120958726069,0.849684673661289,0,0.4608,1.5303,1.0585,-1.0897,0.00300305329014265,0.0140767818197106,0.00837094233425431,0.108080280223037,0.121717622267823,-0.508265389513542,-0.0111952921707937,0.445281669406494,0.894776308288323
"P2G",1701,4,1,0.127933243076426,0.593024107472919,0.849890952080784,-0.523968690676856,0.188303219681142,0.377120958726069,0.849684673661289,1,0.5211,0.6613,0.0208,1.2004,0.0188175321697656,0.002480729637981,0.00928684271090981,0.155552849834165,0.143833353594866,-0.594453840853347,-0.030627770704398,0.496004608854437,1.02217959866397
"P2G",1701,4,1,0.127933243076426,0.593024107472919,0.849890952080784,-0.523968690676856,0.188303219681142,0.377120958726069,0.849684673661289,2,0.4765,0.6284,0.9265,-0.1251,0.0110031558569911,0.00598071746790527,0.00469914436015909,0.12738232883518,0.138355058064559,-0.565620510597974,-0.0414925492553332,0.445093533011855,0.925472472276974
"P2G",1701,4,1,-1.66946155825483,0.126680641376588,1.40599761611697,-1.12532677047942,-0.347133751871672,0.371638957937422,1.03922171241964,0,0.7993,-1.6562,0.2326,1.2288,0.00152183807918514,0.0159881246141195,0.00734321877274708,0.0357492885901072,0.00797136696179353,-1.14075969740775,-0.360939622950851,0.371800195227772,1.10765593800524
"P2G",1701,4,1,-1.66946155825483,0.126680641376588,1.40599761611697,-1.12532677047942,-0.347133751871672,0.371638957937422,1.03922171241964,1,0.8562,-1.9377,0.0699,1.7431,0.00975791922629561,0.00398972375812253,0.00572006190174568,0.125625247911943,0.0436802670769261,-1.26162929183079,-0.411635233255331,0.411179520592096,1.23626114281181
"P2G",1701,4,1,-1.66946155825483,0.126680641376588,1.40599761611697,-1.12532677047942,-0.347133751871672,0.371638957937422,1.03922171241964,2,0.82,-1.8214,0.1038,1.5737,0.00652903575784907,0.00551336840004915,0.00458648745512919,0.0829878611348085,0.0275698595076375,-1.20425249706704,-0.390634828075355,0.3913353492042,1.17720134354584
"P2G",1701,4,1,-0.683015891334755,-0.496421215190855,0.251778708542598,-0.792209414425659,-0.309613209429681,-0.062963443379156,0.646103698152867,0,0.5023,1.4471,-1.7819,-0.4579,0.00397669620970399,0.0223312986072175,0.0111363437949903,0.094041849005316,0.100591686796694,-0.855741937242386,-0.379403700851235,0.0966778722786343,0.614750330804455
"P2G",1701,4,1,-0.683015891334755,-0.496421215190855,0.251778708542598,-0.792209414425659,-0.309613209429681,-0.062963443379156,0.646103698152867,1,0.4047,-3.1196,3.3159,-1.3925,0.0485661278621552,0.0581626768777547,0.0221292917092099,0.19871705188661,0.21205350519458,-0.76059001225638,-0.222122046405202,0.293751237547417,0.794609634238122
"P2G",1701,4,1,-0.683015891334755,-0.496421215190855,0.251778708542598,-0.792209414425659,-0.309613209429681,-0.062963443379156,0.646103698152867,2,0.508,0.1506,-0.8354,0.0438,0.0113681858489146,0.00916055761681699,0.00705749613598796,0.115169221447375,0.123876141467559,-0.867062694173562,-0.358901019516612,0.145858507218732,0.683745290992277
"P2G",1701,4,1,0.0942909777492569,0.841045215808977,1.139784701832,-0.534439728584484,0.239988295471109,0.513133410639247,0.949310775649861,0,0.5546,0.7813,1.4608,-0.3018,0.00393002358067918,0.0297932925702752,0.0129868507325232,0.108948363927029,0.106128972766805,-0.512660263900608,0.0666820601844639,0.574411672628162,1.06426538558777
"P2G",1701,4,1,0.0942909777492569,0.841045215808977,1.139784701832,-0.534439728584484,0.239988295471109,0.513133410639247,0.949310775649861,1,0.5956,0.2004,0.4013,1.7558,0.0199306691606747,0.00341128185689386,0.0124068789157513,0.174243362305358,0.138974888531956,-0.618510816304036,0.0168494782743348,0.603417003763542,1.18686706479445
"P2G",1701,4,1,0.0942909777492569,0.841045215808977,1.139784701832,-0.534439728584484,0.239988295471109,0.513133410639247,0.949310775649861,2,0.5415,0.1729,1.2192,0.5152,0.0119853719876753,0.01141951645088,0.00714669229400368,0.131595023169889,0.129955593207405,-0.574269982392087,0.0193604795018744,0.557728650725055,1.07976069997445
"P2G",1701,4,1,-1.2962157712798,0.456785988985529,0.836484721966712,-1.00242124038964,-0.190951136295352,0.33733993753271,0.84506289243056,0,0.6374,-1.3788,1.4427,-0.2829,0.00377939068239434,0.0308838191246444,0.0123162718915562,0.0706564119567912,0.0346869604406834,-0.905229883739472,-0.250857975989721,0.341892544662017,0.928210945451001
"P2G",1701,4,1,-1.2962157712798,0.456785988985529,0.836484721966712,-1.00242124038964,-0.190951136295352,0.33733993753271,0.84506289243056,1,0.7584,-1.9396,-0.0942,1.3075,0.0265832732953909,0.00741004416506815,0.0145037890256518,0.19752945339445,0.155002588449869,-1.21699344476658,-0.454379390158908,0.285542617670802,1.03987793718733
"P2G",1701,4,1,-1.2962157712798,0.456785988985529,0.836484721966712,-1.00242124038964,-0.190951136295352,0.33733993753271,0.84506289243056,2,0.6462,-1.4398,0.5624,0.6667,0.0120257055455306,0.0167739526387258,0.00871567068173553,0.080050098241254,0.0617490228654908,-0.966050762856478,-0.297577053216135,0.328988930687364,0.95851083557286
"P2G",1701,4,1,0.00946952877470287,0.277708499827166,1.91466583762641,-0.561170853280914,0.0756658627056986,0.502938366481851,1.20177419016545,0,0.5529,1.6894,-1.2662,2.1685,0.00290179408066853,0.0173753711968942,0.00816229936098957,0.0640934088334185,0.0495743382287658,-0.576142723705206,0.00269717611699726,0.548197794339261,1.10778026330266
"P2G",1701,4,1,0.00946952877470287,0.277708499827166,1.91466583762641,-0.561170853280914,0.0756658627056986,0.502938366481851,1.20177419016545,1,0.7084,-0.2093,0.7919,2.7516,0.0248802628470896,0.00631733349918055,0.0118773230631387,0.204487700602967,0.16101260835687,-0.665507265455135,0.0834426625200202,0.781711933260153,1.48213041309713
"P2G",1701,4,1,0.00946952877470287,0.277708499827166,1.91466583762641,-0.561170853280914,0.0756658627056986,0.502938366481851,1.20177419016545,2,0.5964,0.4245,-0.0231,2.1821,0.0118051957895662,0.0114261309918716,0.00616449320376559,0.0661026682011624,0.0678033794973284,-0.621804372015655,0.00835832177739439,0.599175520159424,1.19862259290065
"P2G",1701,4,1,-1.12190686607833,-0.555400536215002,-0.324189223028158,-0.943201517565632,-0.431847687225738,-0.231293674679024,0.464515708851466,0,0.458,-0.1636,0.6766,-2.6082,0.00230929155096372,0.0104680086774743,0.00678153316995942,0.102686080026804,0.118429078316775,-0.953246584566423,-0.499852009413854,-0.0377691234287569,0.465209236898451
"P2G",1701,4,1,-1.12190686607833,-0.555400536215002,-0.324189223028158,-0.943201517565632,-0.431847687225738,-0.231293674679024,0.464515708851466,1,0.5462,-1.8094,-0.1693,-0.8572,0.0177655690966794,0.00261358379352288,0.00951176898906511,0.173167960391164,0.144927702141829,-1.17398901373056,-0.629668915779074,-0.0767657546193114,0.525125816042698
"P2G",1701,4,1,-1.12190686607833,-0.555400536215002,-0.324189223028158,-0.943201517565632,-0.431847687225738,-0.231293674679024,0.464515708851466,2,0.4887,-0.6726,-0.413,-1.0935,0.0108988888239305,0.00470541527650579,0.00367962705450337,0.119841236324203,0.127785001010903,-1.02423037420999,-0.53549215790077,-0.0357307867156844,0.508047221984974
"P2G",1701,4,1,-1.52787800867667,-0.818883608174329,-0.673519673710702,-1.07948970918005,-0.592627413973755,-0.390640951790083,0.36661377926641,0,0.4563,-0.8916,1.3206,-3.6289,0.00200709221815217,0.00901570622609007,0.00586310546997095,0.117876718709118,0.135946348574849,-1.09106575476578,-0.635432735421749,-0.159098442672995,0.36781766904888
"P2G",1701,4,1,-1.52787800867667,-0.818883608174329,-0.673519673710702,-1.07948970918005,-0.592627413973755,-0.390640951790083,0.36661377926641,1,0.4753,-2.2325,11.495,-13.2878,0.0108890590223526,0.00720470440286677,0.00829943962583715,0.123135260604567,0.127969046648755,-1.18635776716503,-0.7005326599085,-0.197031322379932,0.356605927420867
"P2G",1701,4,1,-1.52787800867667,-0.818883608174329,-0.673519673710702,-1.07948970918005,-0.592627413973755,-0.390640951790083,0.36661377926641,2,0.4887,-1.2837,-0.322,-1.7233,0.00947211860729313,0.00471314821278938,0.00359153769659926,0.129652797825427,0.139099248411565,-1.16842097489416,-0.678783671004452,-0.165645613837388,0.402458153836793
"P2G",1701,4,1,-1.85188025323103,0.486343733489773,1.04970821343659,-1.1825945269609,-0.276592493280529,0.396280151546395,0.91846700917106,0,0.6815,-2.0973,1.191,0.2861,0.00304002598091338,0.0243217612545595,0.0104824398412469,0.0809040785979387,0.0261746690070254,-1.05031890970278,-0.30593702684005,0.361722399260458,0.999889984560243
"P2G",1701,4,1,-1.85188025323103,0.486343733489773,1.04970821343659,-1.1825945269609,-0.276592493280529,0.396280151546395,0.91846700917106,1,0.7664,-2.0811,0.2868,1.5455,0.0186517357710895,0.00981408289382761,0.0092407586338309,0.1292328154303,0.0540301963121535,-1.18614100930792,-0.369960952132621,0.402613968103158,1.1593697249269
"P2G",1701,4,1,-1.85188025323103,0.486343733489773,1.04970821343659,-1.1825945269609,-0.276592493280529,0.396280151546395,0.91846700917106,2,0.6984,-2.0089,0.5499,1.0128,0.011089735207027,0.0132428627473486,0.00668707278942683,0.0854338101822936,0.0415491271026764,-1.09223507162866,-0.339176951955897,0.360753043286725,1.04437142780732
"P2G",1701,4,1,-0.668267707688467,0.387390220962594,1.21900151170386,-0.787141181871378,-0.0703700027629173,0.406848824394094,0.976290776193854,0,0.6732,-0.388,0.5055,0.7898,0.00259988138791095,0.0271615517012712,0.0106360871487196,0.0531502214623354,0.0454158354521983,-0.780899086633432,-0.135413707614572,0.45108806928632,1.04751595491289
"P2G",1701,4,1,-0.668267707688467,0.387390220962594,1.21900151170386,-0.787141181871378,-0.0703700027629173,0.406848824394094,0.976290776193854,1,0.7369,-0.9975,0.3004,1.6426,0.0160213686945191,0.00409370011862297,0.00897270831687181,0.150436398797726,0.0903140927474891,-0.933268290750663,-0.20618333975609,0.484467401688355,1.18771783769992
"P2G",1701,4,1,-0.668267707688467,0.387390220962594,1.21900151170386,-0.787141181871378,-0.0703700027629173,0.406848824394094,0.976290776193854,2,0.6804,-0.7644,0.4752,1.2548,0.00944157508276178,0.0102302218296312,0.00629222211555306,0.0925675099178859,0.064850936041482,-0.842692292651523,-0.160877680610225,0.473371692394935,1.11257033425123
"P2G",1701,4,1,-0.788894055937744,-0.13044968814064,0.540388345274504,-0.828658428119967,-0.237318397222614,0.106021574912921,0.743342809783855,0,0.5689,-0.1038,-0.1257,-0.1472,0.00288515912074353,0.021992672689262,0.0102854344707,0.0621688176149648,0.0704880352156509,-0.851387114757297,-0.315764725548843,0.199572966660036,0.749471840100677
"P2G",1701,4,1,-0.788894055937744,-0.13044968814064,0.540388345274504,-0.828658428119967,-0.237318397222614,0.106021574912921,0.743342809783855,1,0.642,-1.1228,-0.1015,0.776,0.0182532303898407,0.00377078876219268,0.00818588299277747,0.144951386805891,0.109280557891403,-0.997472072257029,-0.36747406452037,0.243448731142849,0.883766635047946
"P2G",1701,4,1,-0.788894055937744,-0.13044968814064,0.540388345274504,-0.828658428119967,-0.237318397222614,0.106021574912921,0.743342809783855,2,0.5861,-0.664,-0.1609,0.4396,0.010948953297388,0.00776732000330956,0.00554049407547104,0.0932431708122414,0.0880913671181847,-0.912121222860102,-0.336764296748253,0.221740112536712,0.810654403320162
"P2G",1701,4,1,1.3779303157522,1.58069370525721,1.58662152108492,-0.206579515940247,0.752199792765944,0.802133409480723,1.09864054561887,0,0.3689,5.1761,4.3255,-5.0876,0.00159700455693778,0.0036843268047544,0.0033953156184346,0.235171708887944,0.270353500773662,-0.198293433983451,0.289159547785585,0.732371115436935,1.14201364038033
"P2G",1701,4,1,1.3779303157522,1.58069370525721,1.58662152108492,-0.206579515940247,0.752199792765944,0.802133409480723,1.09864054561887,1,0.3674,3.5253,8.1362,-7.5164,0.00585818393443142,0.00112746457745742,0.00269642529905776,0.254480665791947,0.293473690750024,-0.229323346501967,0.254677545815219,0.697960307019366,1.11063778412228
"P2G",1701,4,1,1.3779303157522,1.58069370525721,1.58662152108492,-0.206579515940247,0.752199792765944,0.802133409480723,1.09864054561887,2,0.3787,2.8698,4.8808,-3.4697,0.00868679448314852,0.00230761529687442,0.00213920203299123,0.248129780402349,0.284474337285929,-0.235871737823234,0.265662114326922,0.724300041430948,1.15000757497064
"P2G",1701,4,1,0.322888708060086,0.369747270328404,0.943563940924309,-0.464899943713476,0.182806332439791,0.339502422491252,0.881967055655882,0,0.4199,4.9513,-3.0437,-0.0957,0.00248755497339716,0.00877702122556214,0.00602467792348165,0.106089669163522,0.12179719827836,-0.474486707128055,-0.0086109325257575,0.428176563019839,0.861363826424502
"P2G",1701,4,1,0.322888708060086,0.369747270328404,0.943563940924309,-0.464899943713476,0.182806332439791,0.339502422491252,0.881967055655882,1,0.4012,2.3777,-0.6076,0.2549,0.00850194281677137,0.0137056500416188,0.00599488683242193,0.106233948852424,0.122570031772044,-0.473109639277831,-0.0035582261371171,0.441180784851361,0.879737618942424
"P2G",1701,4,1,0.322888708060086,0.369747270328404,0.943563940924309,-0.464899943713476,0.182806332439791,0.339502422491252,0.881967055655882,2,0.4496,1.9331,-0.3281,0.3748,0.00908227279500787,0.00447952079065194,0.00424637368478032,0.115117909312742,0.128020514356829,-0.495011753615555,0.00721757733819979,0.47491418479584,0.936133971702553
"P2G",1701,4,1,-0.0640543914627885,0.25895232735461,0.743426708569728,-0.584700855793585,0.0512811159039194,0.261057185884402,0.812994942398369,0,0.4657,1.698,-0.2859,-0.4328,0.00258016282652177,0.0121956341595567,0.00765414863633894,0.0897486350108481,0.103556887420696,-0.586974336109363,-0.100335838175998,0.356892388353624,0.819476796740072
"P2G",1701,4,1,-0.0640543914627885,0.25895232735461,0.743426708569728,-0.584700855793585,0.0512811159039194,0.261057185884402,0.812994942398369,1,0.5384,0.2227,0.0618,1.0207,0.0183550674614883,0.00275656116652379,0.0072910011639674,0.147760103237731,0.133426162673153,-0.672654206800853,-0.103767642810585,0.432426684565293,0.974824413833097
"P2G",1701,4,1,-0.0640543914627885,0.25895232735461,0.743426708569728,-0.584700855793585,0.0512811159039194,0.261057185884402,0.812994942398369,2,0.4912,0.5852,0.2235,0.2154,0.0108316711676046,0.00521818642143351,0.00406830147989102,0.108897102101714,0.1165348720089,-0.6329138734053,-0.109803657553757,0.382682943610639,0.879091017433011
"P2G",1701,4,1,-0.705597603239247,-0.159785620854465,1.08282098873199,-0.799974738473705,-0.224932129082809,0.225912214544726,0.929822646296268,0,0.6257,0.0989,-0.7168,0.9427,0.00307167589652399,0.025834561234069,0.0108819430716131,0.0500019552859943,0.0464416134388911,-0.849887012166693,-0.268993125441002,0.293210795334706,0.897587933825634
"P2G",1701,4,1,-0.705597603239247,-0.159785620854465,1.08282098873199,-0.799974738473705,-0.224932129082809,0.225912214544726,0.929822646296268,1,0.7201,-1.0132,0.124,1.6144,0.0201738100246944,0.00466995966992881,0.0106925821256852,0.167077928482543,0.121759514234142,-0.954131611226909,-0.245751808018435,0.435775691330516,1.13819648680275
"P2G",1701,4,1,-0.705597603239247,-0.159785620854465,1.08282098873199,-0.799974738473705,-0.224932129082809,0.225912214544726,0.929822646296268,2,0.6426,-0.6312,-0.1824,1.1847,0.0110602217733223,0.0109538036763349,0.00690961202032502,0.0804198585874151,0.0694421159832576,-0.897200696295661,-0.269145482120064,0.337768380355555,0.973980378685806
"P2G",1701,4,1,-0.945948457435694,-0.118116851959692,1.36780660759481,-0.882788257004701,-0.271085703528304,0.295660500744372,1.02647124954355,0,0.6993,-0.5099,-0.4143,1.3184,0.00233218017897242,0.0227039778439255,0.00958563416586703,0.0350258832657089,0.0256397922041684,-0.93399582686661,-0.291209356702208,0.335248824979622,1.0087840239219
"P2G",1701,4,1,-0.945948457435694,-0.118116851959692,1.36780660759481,-0.882788257004701,-0.271085703528304,0.295660500744372,1.02647124954355,1,0.791,-1.2686,0.1202,1.8727,0.0167559319597348,0.00472291491737476,0.00934592100112734,0.158422077555599,0.098001478689792,-1.0489522592852,-0.282421892681161,0.465025078775458,1.23615404210913
"P2G",1701,4,1,-0.945948457435694,-0.118116851959692,1.36780660759481,-0.882788257004701,-0.271085703528304,0.295660500744372,1.02647124954355,2,0.7189,-1.0282,-0.0961,1.5103,0.00942340330167702,0.00904548006348816,0.00600438470963012,0.0748818114292826,0.0483482353963674,-0.994476544177046,-0.301531503569345,0.373671454191235,1.08071342540702
"P2G",1701,4,1,-2.12188688117145,-0.159552693984459,0.667237512280616,-1.26288693915861,-0.496073458504833,0.129784642941882,0.786787259771354,0,0.706,-2.2725,0.2246,0.2255,0.00209484053996272,0.0171222246357782,0.00850970637175081,0.0261181492360221,0.0161428033634638,-1.2302253688287,-0.522683031847075,0.138369566228565,0.81645344254485
"P2G",1701,4,1,-2.12188688117145,-0.159552693984459,0.667237512280616,-1.26288693915861,-0.496073458504833,0.129784642941882,0.786787259771354,1,0.7707,-2.4024,-0.2946,0.9246,0.0139865142690005,0.00585472453146049,0.00541316597307746,0.0962648955759996,0.0548652628476941,-1.36061109998372,-0.586493382745965,0.159022093279893,0.922754600224935
"P2G",1701,4,1,-2.12188688117145,-0.159552693984459,0.667237512280616,-1.26288693915861,-0.496073458504833,0.129784642941882,0.786787259771354,2,0.7451,-2.3044,-0.2378,0.762,0.0110175825508694,0.00688216972053104,0.0046523598424717,0.0665764904651961,0.0446313444301722,-1.31640072340671,-0.572158720255158,0.143455914328206,0.881074695356179
"P2G",1701,4,1,0.258138352678068,0.791799042557291,2.12358838516018,-0.48419995969248,0.272681503386938,0.688335523146171,1.26337389962874,0,0.6137,1.1492,0.08,2.1166,0.00221628205083136,0.0170974720946636,0.00800556731266217,0.0646590726082776,0.0697104615794437,-0.484915331899717,0.164478347001444,0.741914645097482,1.30967752328821
"P2G",1701,4,1,0.258138352678068,0.791799042557291,2.12358838516018,-0.48419995969248,0.272681503386938,0.688335523146171,1.26337389962874,1,0.7327,0.1417,1.0908,3.0164,0.0173702494274473,0.00455998937636065,0.00923715696678616,0.226923918587218,0.144479225641734,-0.561736281707162,0.223051084962004,0.9336099847052,1.63397238606688
"P2G",1701,4,1,0.258138352678068,0.791799042557291,2.12358838516018,-0.48419995969248,0.272681503386938,0.688335523146171,1.26337389962874,2,0.6493,0.3447,0.8213,2.2877,0.0119390568781833,0.00683269259692825,0.00410262441328024,0.109316846042766,0.0883264582561148,-0.541258616431473,0.161588079681144,0.793516038896629,1.40877098117402
"P2G",1701,4,1,-0.478377926135421,0.167459957808608,1.41412042583361,-0.722229428309519,-0.0805627180319292,0.384791064101803,1.04192594755044,0,0.6345,0.1871,-0.2766,1.2974,0.00257473819135138,0.0218125252312033,0.0096436112455071,0.0397698110571588,0.0439045973044343,-0.744820833409547,-0.134814652177318,0.438078667114867,1.03615196207234
"P2G",1701,4,1,-0.478377926135421,0.167459957808608,1.41412042583361,-0.722229428309519,-0.0805627180319292,0.384791064101803,1.04192594755044,1,0.7412,-0.7265,0.4198,2.0396,0.0186743646597032,0.0044278839820479,0.00987587753109488,0.177404804156458,0.119060483451714,-0.849420613996936,-0.111039185905188,0.588745424352419,1.30112869498056
"P2G",1701,4,1,-0.478377926135421,0.167459957808608,1.41412042583361,-0.722229428309519,-0.0805627180319292,0.384791064101803,1.04192594755044,2,0.6625,-0.4764,0.2116,1.5305,0.0112047642085632,0.00852446069252686,0.00572765594811977,0.0811226867856476,0.0667576938696852,-0.802832854443106,-0.140579492801372,0.48362302157847,1.12228066034577
"P2G",1701,4,1,-0.860940420551321,-0.586153809901679,2.73506025705287,-0.853493940190924,-0.378024032552324,0.339170191833828,1.42018545024643,0,0.5772,0.7742,-2.2064,3.6922,0.00271362229750215,0.0147056819374703,0.00684850757895101,0.182090709476144,0.0530272381137883,-0.887621427302248,-0.28716871796496,0.352622914872688,1.0694323225517
"P2G",1701,4,1,-0.860940420551321,-0.586153809901679,2.73506025705287,-0.853493940190924,-0.378024032552324,0.339170191833828,1.42018545024643,1,0.6046,-0.5345,-1.0652,2.7418,0.0123821553477214,0.00882485642723927,0.00560838799310434,0.190709886893977,0.0305385383217284,-0.959051382722845,-0.325151778624736,0.337643190491435,1.05749982440211
"P2G",1701,4,1,-0.860940420551321,-0.586153809901679,2.73506025705287,-0.853493940190924,-0.378024032552324,0.339170191833828,1.42018545024643,2,0.604,-0.2762,-1.1475,3.1511,0.00961852844439206,0.0101997682618164,0.00472769721346993,0.169733179409351,0.0557303620854126,-0.919367737698065,-0.288097087000076,0.374252441450359,1.10146859817064
"P2G",1701,4,1,-1.72858537642743,-0.423853294688832,-0.13156922588565,-1.14412476669063,-0.516431375253944,-0.146110888202425,0.522841639056456,0,0.5441,-1.7619,0.9535,-1.7502,0.00273829834664123,0.0163332252651912,0.00808929087059163,0.0631159566085698,0.0684558903994665,-1.10215644722626,-0.569639641273379,-0.0401509560659969,0.533543474630065
"P2G",1701,4,1,-1.72858537642743,-0.423853294688832,-0.13156922588565,-1.14412476669063,-0.516431375253944,-0.146110888202425,0.522841639056456,1,0.7095,-2.7498,-0.8963,0.0103,0.0233463564254315,0.00478689733791806,0.0131043573970143,0.249872648174456,0.183245275117531,-1.51987413156127,-0.833801674659187,-0.142563267291755,0.611279659519765
"P2G",1701,4,1,-1.72858537642743,-0.423853294688832,-0.13156922588565,-1.14412476669063,-0.516431375253944,-0.146110888202425,0.522841639056456,2,0.5865,-1.8971,-0.2164,-0.5038,0.0119823285305692,0.00921869321789229,0.005596833182893,0.0833871194099288,0.0845866785669916,-1.19760387845843,-0.622364764461275,-0.044903993061655,0.581908658326803
"P2G",1701,4,1,-0.710452263430695,0.985221174253625,1.69638964572811,-0.801644877044857,0.0631956134043228,0.672452813974795,1.13391506840568,0,0.7836,-0.6466,1.3187,1.1511,0.00294101501869922,0.0367752162386575,0.0128894809106376,0.107538207829356,0.0307382428443279,-0.768766228935859,0.0171067049487461,0.699104853987599,1.33968761359005
"P2G",1701,4,1,-0.710452263430695,0.985221174253625,1.69638964572811,-0.801644877044857,0.0631956134043228,0.672452813974795,1.13391506840568,1,0.9505,-0.7755,1.2564,3.2973,0.0166867338980533,0.00554940383667043,0.01787786151161,0.421892750060912,0.193589046079205,-0.856444551934935,0.0947385948401062,1.00627192158805,1.9062756121689
"P2G",1701,4,1,-0.710452263430695,0.985221174253625,1.69638964572811,-0.801644877044857,0.0631956134043228,0.672452813974795,1.13391506840568,2,0.7668,-0.815,1.1829,1.7171,0.00718080339556535,0.0187535665317417,0.00820289756181308,0.144665198179536,0.0473855160141008,-0.801193632807092,0.000915181024236806,0.725906617640366,1.41136004178269
"P2G",1701,4,1,0.388214256344391,0.412263316334426,0.863002520491922,-0.445770570186298,0.211142223064237,0.331777809958656,0.854204830725756,0,0.3991,6.1873,-3.7807,-0.5917,0.00208066689924208,0.00656487568682711,0.0049234806416894,0.116063778163513,0.133661188523682,-0.453042069217333,-0.0025984354467081,0.420720886428934,0.838895103245872
"P2G",1701,4,1,0.388214256344391,0.412263316334426,0.863002520491922,-0.445770570186298,0.211142223064237,0.331777809958656,0.854204830725756,1,0.3834,-0.674,2.8968,-0.225,0.0391724780502643,0.0383340621932901,0.0154831367022413,0.143520280627968,0.151454192019983,-0.511966280374389,-0.00521749188887114,0.480113883071999,0.950096931117499
"P2G",1701,4,1,0.388214256344391,0.412263316334426,0.863002520491922,-0.445770570186298,0.211142223064237,0.331777809958656,0.854204830725756,2,0.3793,0.168,2.3045,-0.5203,0.0281796126557228,0.0290891815108464,0.0119934784771469,0.127932395521443,0.143108350248958,-0.484841065915863,-0.00283798476610424,0.456887643264512,0.904207709902168
"P2G",1701,4,1,0.541668468630861,0.827282200297597,1.53296172554348,-0.402271044694433,0.35783897921922,0.596004702780821,1.08115406157388,0,0.4926,2.4449,-0.3519,0.9109,0.00223273215275643,0.012516172384476,0.00713511097166538,0.107593122961356,0.122256474123473,-0.400372248378417,0.152099794883451,0.646117819069499,1.11938465941841
"P2G",1701,4,1,0.541668468630861,0.827282200297597,1.53296172554348,-0.402271044694433,0.35783897921922,0.596004702780821,1.08115406157388,1,0.603,0.8465,0.6551,2.5734,0.0171207227220356,0.00299013855483436,0.0114094591226976,0.217182100839252,0.155952597971481,-0.458734350614351,0.219053715572718,0.827742246214624,1.41659484076186
"P2G",1701,4,1,0.541668468630861,0.827282200297597,1.53296172554348,-0.402271044694433,0.35783897921922,0.596004702780821,1.08115406157388,2,0.5224,1.0869,0.7102,1.3134,0.0112446540362582,0.0051530976630652,0.00360790147079475,0.129467400270544,0.131517144823907,-0.448025938539653,0.147350506325146,0.68309592464972,1.19544947912231
"P2G",1701,4,1,-0.863791693618186,-0.663196962341961,0.810724832419921,-0.854476889773243,-0.399157719659245,0.0351170600132918,0.836182746671306,0,0.6181,0.8278,-2.1,0.749,0.00473337422684485,0.0393923806096342,0.0151745040430876,0.0865094443588068,0.05757904462008,-0.972119779679095,-0.425599913811705,0.131277600290929,0.757763060561287
"P2G",1701,4,1,-0.863791693618186,-0.663196962341961,0.810724832419921,-0.854476889773243,-0.399157719659245,0.0351170600132918,0.836182746671306,1,0.4662,-3.7695,2.5168,0.4575,0.0579456113088709,0.0677178203730986,0.0252803163068205,0.238713143406982,0.257626897066691,-0.838407503592335,-0.186418438323057,0.427362968154086,1.00518801254224
"P2G",1701,4,1,-0.863791693618186,-0.663196962341961,0.810724832419921,-0.854476889773243,-0.399157719659245,0.0351170600132918,0.836182746671306,2,0.599,-0.4542,-0.8824,0.9107,0.0123706543590523,0.0193003620614575,0.01054144657261,0.0973568155610882,0.0898067287769228,-0.969900747646001,-0.390315119587433,0.190415334391358,0.816308502592172
"P2G",1701,4,1,-1.46450966970573,-0.0245698794259086,1.5342062391403,-1.05863812435332,-0.353867766206714,0.352722062147992,1.08156130355321,0,0.7994,-1.3477,-0.0497,1.4555,0.00139946844533201,0.0151062739316437,0.00698461945187833,0.0323834713765418,0.00788203004369609,-1.10873002733646,-0.361840208391555,0.363804451711554,1.1202805356773
"P2G",1701,4,1,-1.46450966970573,-0.0245698794259086,1.5342062391403,-1.05863812435332,-0.353867766206714,0.352722062147992,1.08156130355321,1,0.8605,-1.7803,-0.0044,1.8479,0.00946651929737776,0.00315983690894861,0.00583587339573463,0.131061140675985,0.0468176429495688,-1.23857069018607,-0.405171730107422,0.415519979009419,1.25406257038897
"P2G",1701,4,1,-1.46450966970573,-0.0245698794259086,1.5342062391403,-1.05863812435332,-0.353867766206714,0.352722062147992,1.08156130355321,2,0.8207,-1.629,-0.018,1.6951,0.00601524346468036,0.00488116115051549,0.00455628510183149,0.0841002557649756,0.0287067935690874,-1.17827878875986,-0.385956562905044,0.390702966791087,1.18882398815621
"P2G",1701,4,1,-1.93970593852584,-1.31342357145441,-0.0719616277739343,-1.20934134470824,-0.80825381325831,-0.337919175331194,0.541431625072344,0,0.7624,-1.3156,-1.5488,-0.2814,0.00319687301817388,0.0418166509017181,0.01395719597734,0.150942896863571,0.069534563628398,-1.48553943146743,-0.897504962026852,-0.257052624394044,0.522871379711651
"P2G",1701,4,1,-1.93970593852584,-1.31342357145441,-0.0719616277739343,-1.20934134470824,-0.80825381325831,-0.337919175331194,0.541431625072344,1,0.457,-7.5759,3.7022,-2.389,0.0501273609535251,0.0613140908533004,0.024680360560468,0.379311271910796,0.400978056586392,-0.978407838908022,-0.367491675234193,0.198810685283818,0.741000345822283
"P2G",1701,4,1,-1.93970593852584,-1.31342357145441,-0.0719616277739343,-1.20934134470824,-0.80825381325831,-0.337919175331194,0.541431625072344,2,0.7389,-1.8658,-1.7135,0.0531,0.00979647095033799,0.0196067408964774,0.00786522752845418,0.203448152737894,0.0949413668077655,-1.58050092353425,-0.937679839278159,-0.236477107219934,0.569064595625001
"P2G",1701,4,1,-0.41962492887973,0.360693782699998,0.934835488974593,-0.702322141986874,-0.0151343930962344,0.334962791463202,0.878960727582178,0,0.5823,0.1355,0.5553,0.1466,0.00309111801294046,0.0250761700635947,0.0110311285487558,0.068356370636333,0.0723456582136191,-0.693142885488517,-0.121412909473244,0.401344714784141,0.932853510859151
"P2G",1701,4,1,-0.41962492887973,0.360693782699998,0.934835488974593,-0.702322141986874,-0.0151343930962344,0.334962791463202,0.878960727582178,1,0.648,-0.6338,0.2315,1.33,0.01844236998089,0.00386106612537974,0.00905876834291714,0.150241505703837,0.11182536326427,-0.831834194658323,-0.178977046731504,0.438260034685426,1.0687024803671
"P2G",1701,4,1,-0.41962492887973,0.360693782699998,0.934835488974593,-0.702322141986874,-0.0151343930962344,0.334962791463202,0.878960727582178,2,0.5919,-0.3828,0.4597,0.7603,0.0109780486365839,0.00919701054524223,0.00607889525068688,0.0983664789230328,0.0907131688711619,-0.756810041627494,-0.151530990436897,0.412953850270177,0.984071566584022
"P2G",1701,4,1,-0.0905540168687265,0.31514875025113,0.339499903301673,-0.593258010119059,0.0589201924830719,0.17283085270627,0.675352666248937,0,0.4003,1.6957,3.7476,-5.0071,0.00273856456516645,0.00854880100815063,0.00604445887259144,0.112411343387672,0.128442070369524,-0.571659900653127,-0.136020878745523,0.280022620443708,0.699573851891954
"P2G",1701,4,1,-0.0905540168687265,0.31514875025113,0.339499903301673,-0.593258010119059,0.0589201924830719,0.17283085270627,0.675352666248937,1,0.3974,1.8251,-15.0053,13.6398,0.0872591596789121,0.0866559713003329,0.0290650408718091,0.529714378507117,0.434320076905336,-1.33923837275095,-0.673315714600584,0.000400101427539379,0.674457039576686
"P2G",1701,4,1,-0.0905540168687265,0.31514875025113,0.339499903301673,-0.593258010119059,0.0589201924830719,0.17283085270627,0.675352666248937,2,0.3977,1.3509,0.4133,-1.4585,0.00946326259422412,0.00728884837921088,0.00506392581027515,0.124071634225776,0.142400340289751,-0.616122871483595,-0.173586645374844,0.255136023219571,0.69014148123489
"P2G",1701,4,1,-0.699342694912491,-0.18673825595302,2.72969275049886,-0.797823244355374,-0.230666084213322,0.450962566113748,1.41898006342577,0,0.6338,0.1974,-1.0693,3.3938,0.00240634411682255,0.0140869445218269,0.00755498401705641,0.113535774882741,0.0233202955794252,-0.82928398160471,-0.192753292555813,0.464895576788748,1.19775573798463
"P2G",1701,4,1,-0.699342694912491,-0.18673825595302,2.72969275049886,-0.797823244355374,-0.230666084213322,0.450962566113748,1.41898006342577,1,0.6634,-0.6321,-0.3769,2.7459,0.0120055564099664,0.00686059289083533,0.0048129760918201,0.118903088986041,0.00889035774575289,-0.900301938228034,-0.223381626878388,0.464529145044265,1.2049408609387
"P2G",1701,4,1,-0.699342694912491,-0.18673825595302,2.72969275049886,-0.797823244355374,-0.230666084213322,0.450962566113748,1.41898006342577,2,0.6762,-0.5752,-0.3151,3.0457,0.0116041332085212,0.00763936809696168,0.00414502545831266,0.0935345183945257,0.0369706516930162,-0.882931112060317,-0.195657776417249,0.504580712716129,1.26519128581153
"P2G",1701,4,1,-0.0455129355498416,0.580862314012051,0.986758561556178,-0.578737093658838,0.138776638457358,0.407171855251313,0.896835397275887,0,0.5282,0.8231,0.855,-0.2193,0.00329469255878447,0.0220457072581566,0.0106480067715362,0.0918415021012786,0.0987204500974122,-0.564024556578441,-0.0183828742301577,0.474537049336459,0.962301460875494
"P2G",1701,4,1,-0.0455129355498416,0.580862314012051,0.986758561556178,-0.578737093658838,0.138776638457358,0.407171855251313,0.896835397275887,1,0.5891,0.0266,0.2874,1.4616,0.0190231834036321,0.0033161391610047,0.00987133913774041,0.15910646480936,0.129646009640202,-0.672373175844907,-0.0537654123473509,0.522721940144397,1.1019390033936
"P2G",1701,4,1,-0.0455129355498416,0.580862314012051,0.986758561556178,-0.578737093658838,0.138776638457358,0.407171855251313,0.896835397275887,2,0.5369,0.1347,0.791,0.5119,0.0115869791910293,0.00847140069739763,0.0057302748281396,0.116417332652573,0.117051275666168,-0.625715354926232,-0.0512965730653573,0.477706794584047,1.00124814041972
"P2G",1701,4,1,-1.30926160260448,-0.66822189880936,0.465023081187944,-1.00681737389453,-0.504740636413565,-0.0504980675357353,0.717695557596053,0,0.6801,-0.6874,-0.9613,0.2173,0.0031668299549216,0.034532934545101,0.012653813179538,0.0784999522723245,0.055018039263408,-1.12985468800207,-0.553127248118598,0.03159754587251,0.696963084731911
"P2G",1701,4,1,-1.30926160260448,-0.66822189880936,0.465023081187944,-1.00681737389453,-0.504740636413565,-0.0504980675357353,0.717695557596053,1,0.7224,-1.8017,-0.4653,0.7835,0.0177520196591366,0.00453937100758814,0.0109770643400676,0.165300833592451,0.106179097911379,-1.24651382781345,-0.55746934834927,0.125688439999388,0.851938135879951
"P2G",1701,4,1,-1.30926160260448,-0.66822189880936,0.465023081187944,-1.00681737389453,-0.504740636413565,-0.0504980675357353,0.717695557596053,2,0.6685,-1.2515,-0.8348,0.5661,0.00981344187838366,0.0143129934746459,0.00750696097158636,0.109812934892464,0.0742369022920574,-1.18140344998679,-0.564159939285912,0.0635313121518077,0.752650839424873
"P2G",1701,4,1,-1.00050111437698,0.00372154643899651,0.134721280426743,-0.901562000008326,-0.250181276966281,0.0365832236809222,0.607605301664858,0,0.4968,-0.7087,2.1469,-2.513,0.00380132703074417,0.0193965718621265,0.00981100611325362,0.0758479314028997,0.0797590562171101,-0.847236012065967,-0.348371337031293,0.13375952351973,0.638843110175542
"P2G",1701,4,1,-1.00050111437698,0.00372154643899651,0.134721280426743,-0.901562000008326,-0.250181276966281,0.0365832236809222,0.607605301664858,1,0.4502,-0.8688,-0.5263,0.0977,0.0217901937328366,0.028810863898963,0.0124039366316725,0.0845858904440963,0.0965389504304298,-0.90793753199557,-0.403165732234685,0.104074432714815,0.632487769189911
"P2G",1701,4,1,-1.00050111437698,0.00372154643899651,0.134721280426743,-0.901562000008326,-0.250181276966281,0.0365832236809222,0.607605301664858,2,0.5284,-0.9594,0.3028,-0.5858,0.012219653293493,0.00986739558186806,0.0072222077721416,0.0941219674977899,0.101344279858732,-0.939575722984747,-0.408210192608128,0.112995598341818,0.663985677220871
"P2G",1701,4,1,0.333936042249409,0.407198749807493,0.717911365433002,-0.461640375579875,0.195519642469959,0.294640253168428,0.8042114825973,0,0.3887,4.7716,-1.8706,-1.358,0.00159878010095322,0.00478343432903857,0.00398117733280387,0.120133571692223,0.138677032001521,-0.464268844716101,-0.0254684163827352,0.388758452570937,0.798973761158576
"P2G",1701,4,1,0.333936042249409,0.407198749807493,0.717911365433002,-0.461640375579875,0.195519642469959,0.294640253168428,0.8042114825973,1,0.4396,2.2458,-0.8818,0.6712,0.0144461084916688,0.00133143550830243,0.00597238505755567,0.144386465576541,0.150198473896879,-0.498887483089482,-0.00324377854662843,0.462484964579413,0.923893202446473
"P2G",1701,4,1,0.333936042249409,0.407198749807493,0.717911365433002,-0.461640375579875,0.195519642469959,0.294640253168428,0.8042114825973,2,0.4089,2.4436,-0.16,-0.6477,0.0072424917875342,0.0024886430908567,0.00241253987479885,0.126155362086676,0.143049932030609,-0.484486992935078,-0.0209669369972962,0.415153364788921,0.84603114838291
"P2G",1701,4,1,-0.157386401353122,0.590870992737961,0.73177386154275,-0.615007478848932,0.11150959419759,0.346928360825759,0.808982838866391,0,0.4979,0.5781,2.1393,-1.7059,0.00419037608165338,0.0231122911456739,0.0115046594109587,0.10098368167983,0.107102062241553,-0.581724913829034,-0.0623511374233211,0.411619946131899,0.881581265288518
"P2G",1701,4,1,-0.157386401353122,0.590870992737961,0.73177386154275,-0.615007478848932,0.11150959419759,0.346928360825759,0.808982838866391,1,0.4631,0.6828,-0.5137,0.8026,0.020297686603214,0.0161738207306293,0.0112363425801314,0.134592961136521,0.151702901447583,-0.661710024132906,-0.15120446478088,0.342170825970158,0.844176902160369
"P2G",1701,4,1,-0.157386401353122,0.590870992737961,0.73177386154275,-0.615007478848932,0.11150959419759,0.346928360825759,0.808982838866391,2,0.4989,0.0636,1.0333,-0.2555,0.0113895730137226,0.00947466298455937,0.00738394488520861,0.121877345366766,0.132327176647427,-0.649551740248765,-0.114465526382488,0.38522574869043,0.884425520555883
"P2G",1701,4,1,0.320397106779198,0.990101947625623,1.75392978846249,-0.465636463220186,0.336876616563837,0.684800879420455,1.15211554341898,0,0.6235,1.0134,0.7479,1.2569,0.002799131898205,0.0278502682955726,0.0109568980617773,0.104816067026595,0.091064573860456,-0.459142001302732,0.196719826621671,0.75714964630882,1.29004735176984
"P2G",1701,4,1,0.320397106779198,0.990101947625623,1.75392978846249,-0.465636463220186,0.336876616563837,0.684800879420455,1.15211554341898,1,0.6916,0.2838,0.9789,2.6945,0.0156947289487856,0.00377575062889676,0.0110713685773931,0.227598846880984,0.134942152259527,-0.537954523612741,0.209308742195061,0.880644160638709,1.53597344053453
"P2G",1701,4,1,0.320397106779198,0.990101947625623,1.75392978846249,-0.465636463220186,0.336876616563837,0.684800879420455,1.15211554341898,2,0.624,0.3274,1.2119,1.6513,0.0120692009302327,0.0099817723068761,0.00501480611788292,0.14270757754227,0.110134266963186,-0.516715301857783,0.17226111130857,0.781187630108028,1.35818371834372
"P2G",1701,4,1,-1.39661932556247,-0.306434119161022,2.04420334592348,-1.03609611063312,-0.420913784557348,0.350935123997468,1.24038942246238,0,0.7975,-1.1273,-0.5298,2.1537,0.0018741575765003,0.0182130545747247,0.00833512559834402,0.0514235958884242,0.0137479710602591,-1.12997650338057,-0.400601486028564,0.363362137045611,1.20579178397147
"P2G",1701,4,1,-1.39661932556247,-0.306434119161022,2.04420334592348,-1.03609611063312,-0.420913784557348,0.350935123997468,1.24038942246238,1,0.8437,-1.7641,-0.259,2.1803,0.0103232243246504,0.00572738923371322,0.00544486946372343,0.116997911698017,0.0273857631980797,-1.26246150244636,-0.4487949371928,0.389309352400688,1.27592552633159
"P2G",1701,4,1,-1.39661932556247,-0.306434119161022,2.04420334592348,-1.03609611063312,-0.420913784557348,0.350935123997468,1.24038942246238,2,0.8146,-1.5598,-0.2696,2.178,0.00799027795878165,0.00664134915466832,0.00443706316557146,0.0823297791091959,0.0247640522400926,-1.19472421226441,-0.412341766487734,0.392962440783867,1.25088326043911
"P2G",1701,4,1,-0.954754267167665,-0.64681733918601,0.725729244207022,-0.885820506429321,-0.417170142231779,0.0190502939027148,0.806902116187007,0,0.6359,0.3166,-1.6444,0.6085,0.00429162570975323,0.0384941204109897,0.0146724473947206,0.0828393614921812,0.0572011750372247,-1.00468594917265,-0.450716718135258,0.112273416152883,0.747703108642589
"P2G",1701,4,1,-0.954754267167665,-0.64681733918601,0.725729244207022,-0.885820506429321,-0.417170142231779,0.0190502939027148,0.806902116187007,1,0.4773,-2.261,0.9334,0.392,0.0342927575886769,0.0445908952980705,0.0193462311238464,0.130522448289648,0.150672497053653,-0.888200899349543,-0.306528572987571,0.255408173526661,0.812573769781148
"P2G",1701,4,1,-0.954754267167665,-0.64681733918601,0.725729244207022,-0.885820506429321,-0.417170142231779,0.0190502939027148,0.806902116187007,2,0.6169,-0.6663,-0.8242,0.823,0.0114932318364115,0.0178223385045315,0.00972894256312244,0.0978743842133013,0.0844716250853385,-1.01585599944609,-0.426683160884233,0.165049844620489,0.805493371091622
"P2G",1701,4,1,-0.783352670144198,-0.0755772616517746,-0.0551901711501107,-0.826748801225096,-0.221102373551993,-0.0345832534935979,0.546704718138284,0,0.4362,-0.0182,4.2249,-5.3266,0.0033914089302035,0.012960353920257,0.00784366942436893,0.0935803250111729,0.104932153218713,-0.787825347303334,-0.337692088645228,0.104840950545101,0.568654736685907
"P2G",1701,4,1,-0.783352670144198,-0.0755772616517746,-0.0551901711501107,-0.826748801225096,-0.221102373551993,-0.0345832534935979,0.546704718138284,1,0.4147,-0.1128,-14.6382,13.4757,0.0865926548181027,0.0911437385214747,0.0294551150865302,0.382342645979408,0.279154133792309,-1.39801088987455,-0.70336762463985,0.0000767931475951533,0.703619123372456
"P2G",1701,4,1,-0.783352670144198,-0.0755772616517746,-0.0551901711501107,-0.826748801225096,-0.221102373551993,-0.0345832534935979,0.546704718138284,2,0.4077,-0.0917,-2.9213,1.6897,0.0489323839631928,0.0512969638083205,0.0198458113603522,0.152949012788072,0.15116381814363,-0.971976872312263,-0.464840570445799,0.0610367816571894,0.609401685149469
"P2G",1701,4,1,-1.40705064107529,-0.462682700320851,0.16715934963953,-1.03957243895975,-0.467502180272918,-0.0766521271801194,0.6182072347991,0,0.6056,-1.0852,-0.1086,-0.5626,0.00260975222423681,0.0221753536535816,0.00977917090624112,0.0600076758431692,0.065316416754618,-1.07940520459656,-0.527983531534995,0.0189549282211535,0.622488885080119
"P2G",1701,4,1,-1.40705064107529,-0.462682700320851,0.16715934963953,-1.03957243895975,-0.467502180272918,-0.0766521271801194,0.6182072347991,1,0.6956,-2.0598,-0.5642,0.3224,0.017501437291357,0.00398265178201032,0.00936744958868459,0.178562139367541,0.117116211260145,-1.31443855139298,-0.65092210863071,0.00998360852412429,0.722311749005249
"P2G",1701,4,1,-1.40705064107529,-0.462682700320851,0.16715934963953,-1.03957243895975,-0.467502180272918,-0.0766521271801194,0.6182072347991,2,0.6279,-1.4294,-0.5482,0.1312,0.0115611140175431,0.00792532952522713,0.00517126011669933,0.100017871370321,0.0842824542000068,-1.1608490139598,-0.566209334994123,0.0309001571506787,0.681418740651491
"P2G",1701,4,1,-0.918407223529666,0.606636188251593,0.62510438063492,-0.873301036756675,-0.0736460920124866,0.32370112138478,0.772325642006571,0,0.563,-0.9246,4.4262,-3.4541,0.00544869501063275,0.0371034161981858,0.0149108871562185,0.0917594031518282,0.0632206827800404,-0.763830822141513,-0.180413299743647,0.348018348751706,0.870838890789189
"P2G",1701,4,1,-0.918407223529666,0.606636188251593,0.62510438063492,-0.873301036756675,-0.0736460920124866,0.32370112138478,0.772325642006571,1,0.5352,-1.1483,-19.0665,19.8222,0.0853282483701375,0.0983045757725607,0.0320846441626739,0.642106132486058,0.516289187137299,-1.78508575872293,-0.907241457182312,0.000000115158256437219,0.907181817352961
"P2G",1701,4,1,-0.918407223529666,0.606636188251593,0.62510438063492,-0.873301036756675,-0.0736460920124866,0.32370112138478,0.772325642006571,2,0.5143,-1.0765,-2.0994,2.7905,0.0590133568984967,0.0585600767156533,0.0246451561400134,0.26545475032837,0.269168726821211,-1.11743440105114,-0.505452152666983,0.147920188181827,0.842385529461506
"P2G",1701,4,1,-0.694053450516671,-0.410412722778703,-0.0628986572632687,-0.796004245239259,-0.28951149680084,-0.124342352745039,0.544278833509677,0,0.4372,1.2513,-0.4941,-1.9,0.00244688468191834,0.00991706573854555,0.00675372484507347,0.104490309539679,0.119948554753942,-0.816751671422723,-0.3766929847659,0.0642374858350074,0.5353638968932
"P2G",1701,4,1,-0.694053450516671,-0.410412722778703,-0.0628986572632687,-0.796004245239259,-0.28951149680084,-0.124342352745039,0.544278833509677,1,0.3721,-0.7369,2.4224,-3.2216,0.0167614016613353,0.027200419111982,0.010485902194628,0.112560360164955,0.129091077511652,-0.770907858009454,-0.337277039605231,0.0940883497671304,0.536796107367979
"P2G",1701,4,1,-0.694053450516671,-0.410412722778703,-0.0628986572632687,-0.796004245239259,-0.28951149680084,-0.124342352745039,0.544278833509677,2,0.4587,0.3242,-0.5906,-0.8427,0.0101948817807996,0.00447026686065994,0.00363798678236022,0.120581103503792,0.132772354800702,-0.85622142689468,-0.386282048627394,0.0842744128735357,0.584869553191351
"P2G",1701,4,1,-0.275300992520832,0.178815879379176,0.722476894086883,-0.653915720438788,-0.0252653301592521,0.234231884077091,0.805782704445021,0,0.5039,0.9389,-0.0491,-0.2444,0.00282078609800621,0.0162621662155452,0.00899288691832334,0.0781974749233827,0.0899960290633754,-0.657816301850599,-0.14984446729473,0.327922301581271,0.817878574016672
"P2G",1701,4,1,-0.275300992520832,0.178815879379176,0.722476894086883,-0.653915720438788,-0.0252653301592521,0.234231884077091,0.805782704445021,1,0.5777,-0.2758,0.11,1.0067,0.0187612390847968,0.00323905779777367,0.00756623244932824,0.145791852736109,0.124163963961895,-0.765672288052795,-0.171592879649664,0.391833654689998,0.967898271408383
"P2G",1701,4,1,-0.275300992520832,0.178815879379176,0.722476894086883,-0.653915720438788,-0.0252653301592521,0.234231884077091,0.805782704445021,2,0.5272,0.0941,0.1934,0.3837,0.0112033817424509,0.00633206759489192,0.00474226662211328,0.102280354492081,0.105356491267555,-0.711358352063248,-0.165184033056666,0.351375929321125,0.878208231543745
"P2G",1701,4,1,-0.708321728475409,0.330525748937335,0.829022942630507,-0.800911883409239,-0.0947914880976737,0.301372199678796,0.842490501589819,0,0.6073,-0.4129,0.8447,-0.0643,0.00334105509478326,0.0281740478273336,0.0117231231439108,0.0631194805406622,0.060788483148384,-0.775477246394703,-0.184987360333122,0.355690002304922,0.907325950877896
"P2G",1701,4,1,-0.708321728475409,0.330525748937335,0.829022942630507,-0.800911883409239,-0.0947914880976737,0.301372199678796,0.842490501589819,1,0.6773,-1.0822,0.0999,1.1701,0.0196860654301694,0.00429700040875471,0.0102555675807727,0.155088350477202,0.116840365136493,-0.961675238241748,-0.29081249458926,0.351679036090087,1.01398311595635
"P2G",1701,4,1,-0.708321728475409,0.330525748937335,0.829022942630507,-0.800911883409239,-0.0947914880976737,0.301372199678796,0.842490501589819,2,0.6131,-0.756,0.4111,0.6678,0.0108923485195337,0.0112482039302847,0.00714627384170223,0.0909948634459249,0.0820173459523254,-0.844701062636383,-0.226502986454966,0.354594528749096,0.947477326313652
"P2G",1701,4,1,-0.2115003095155,0.0643111349863969,0.524712280249824,-0.63278346689521,-0.0387835833826008,0.153984910688548,0.737996407529848,0,0.4524,1.7728,-0.5631,-0.782,0.00258823904440717,0.0112472291529515,0.00733928229085506,0.0903306819082476,0.104164516608017,-0.641123746348481,-0.173674809370521,0.273797667572034,0.733726916444008
"P2G",1701,4,1,-0.2115003095155,0.0643111349863969,0.524712280249824,-0.63278346689521,-0.0387835833826008,0.153984910688548,0.737996407529848,1,0.52,0.0433,-0.0042,0.5624,0.0182349216270058,0.00258635088114767,0.00642064339603441,0.141765705393229,0.134422183373853,-0.730082689105288,-0.185653031827743,0.33464297240294,0.86728272587364
"P2G",1701,4,1,-0.2115003095155,0.0643111349863969,0.524712280249824,-0.63278346689521,-0.0387835833826008,0.153984910688548,0.737996407529848,2,0.4771,0.6103,-0.0445,-0.0786,0.0104436218708091,0.00497341524091697,0.00405677216935292,0.107967450088352,0.117384542738582,-0.681093678983754,-0.179229352467965,0.300996401966811,0.792371143395367
